symbol,ok,bars,days,first,last
NSE:NIFTY26SEP23300CE,True,7727,23.0,2026-08-03 12:33:00,2026-09-08 15:30:00
NSE:NIFTY26SEP23300PE,True,10524,27.0,2026-08-03 09:15:00,2026-09-08 15:30:00
NSE:NIFTY26SEP23350CE,True,2144,7.0,2026-08-04 12:10:00,2026-09-08 15:30:00
NSE:NIFTY26SEP23350PE,True,10459,27.0,2026-08-03 09:15:00,2026-09-08 15:30:00
NSE:NIFTY26SEP23400CE,True,8337,24.0,2026-08-03 14:23:00,2026-09-08 15:30:00
NSE:NIFTY26SEP23400PE,True,10527,27.0,2026-08-03 09:15:00,2026-09-08 15:30:00
NSE:NIFTY26SEP23450CE,True,3044,10.0,2026-08-03 11:31:00,2026-09-08 15:30:00
NSE:NIFTY26SEP23450PE,True,10449,27.0,2026-08-03 09:17:00,2026-09-08 15:30:00
NSE:NIFTY26SEP23500CE,True,10516,27.0,2026-08-03 09:15:00,2026-09-08 15:30:00
NSE:NIFTY26SEP23500PE,True,10528,27.0,2026-08-03 09:15:00,2026-09-08 15:30:00
NSE:NIFTY26SEP23550CE,True,4235,13.0,2026-08-18 12:04:00,2026-09-08 15:30:00
NSE:NIFTY26SEP23550PE,True,10506,27.0,2026-08-03 09:16:00,2026-09-08 15:30:00
NSE:NIFTY26SEP23600CE,True,8734,24.0,2026-08-03 09:28:00,2026-09-08 15:30:00
NSE:NIFTY26SEP23600PE,True,10526,27.0,2026-08-03 09:16:00,2026-09-08 15:30:00
NSE:NIFTY26SEP23650CE,True,4880,15.0,2026-08-03 09:16:00,2026-09-08 15:30:00
NSE:NIFTY26SEP23650PE,True,10480,27.0,2026-08-03 09:16:00,2026-09-08 15:30:00
NSE:NIFTY26SEP23700CE,True,9946,27.0,2026-08-03 09:24:00,2026-09-08 15:30:00
NSE:NIFTY26SEP23700PE,True,10524,27.0,2026-08-03 09:16:00,2026-09-08 15:30:00
NSE:NIFTY26SEP23750CE,True,6288,19.0,2026-08-12 12:22:00,2026-09-08 15:30:00
NSE:NIFTY26SEP23750PE,True,10495,27.0,2026-08-03 09:16:00,2026-09-08 15:30:00
NSE:NIFTY26SEP23800CE,True,10388,27.0,2026-08-03 09:17:00,2026-09-08 15:30:00
NSE:NIFTY26SEP23800PE,True,10527,27.0,2026-08-03 09:15:00,2026-09-08 15:30:00
NSE:NIFTY26SEP23850CE,True,6657,21.0,2026-08-03 11:07:00,2026-09-08 15:30:00
NSE:NIFTY26SEP23850PE,True,10436,27.0,2026-08-03 09:16:00,2026-09-08 15:30:00
NSE:NIFTY26SEP23900CE,True,10341,27.0,2026-08-03 09:15:00,2026-09-08 15:30:00
NSE:NIFTY26SEP23900PE,True,10525,27.0,2026-08-03 09:16:00,2026-09-08 15:30:00
NSE:NIFTY26SEP23950CE,True,7050,23.0,2026-08-04 12:35:00,2026-09-08 15:30:00
NSE:NIFTY26SEP23950PE,True,10437,27.0,2026-08-03 09:23:00,2026-09-08 15:30:00
NSE:NIFTY26SEP24000CE,True,10527,27.0,2026-08-03 09:15:00,2026-09-08 15:30:00
NSE:NIFTY26SEP24000PE,True,10528,27.0,2026-08-03 09:15:00,2026-09-08 15:30:00
NSE:NIFTY26SEP24050CE,True,8395,22.0,2026-08-03 10:14:00,2026-09-08 15:30:00
NSE:NIFTY26SEP24050PE,True,10334,27.0,2026-08-03 09:29:00,2026-09-08 15:30:00
NSE:NIFTY26SEP24100CE,True,10421,27.0,2026-08-03 09:15:00,2026-09-08 15:30:00
NSE:NIFTY26SEP24100PE,True,10522,27.0,2026-08-03 09:15:00,2026-09-08 15:30:00
NSE:NIFTY26SEP24150CE,True,9190,25.0,2026-08-03 09:19:00,2026-09-08 15:30:00
NSE:NIFTY26SEP24150PE,True,10440,27.0,2026-08-03 09:16:00,2026-09-08 15:30:00
NSE:NIFTY26SEP24200CE,True,10503,27.0,2026-08-03 09:15:00,2026-09-08 15:30:00
NSE:NIFTY26SEP24200PE,True,10527,27.0,2026-08-03 09:15:00,2026-09-08 15:30:00
NSE:NIFTY26SEP24250CE,True,10425,27.0,2026-08-03 09:20:00,2026-09-08 15:30:00
NSE:NIFTY26SEP24250PE,True,10454,27.0,2026-08-03 09:17:00,2026-09-08 15:30:00
NSE:NIFTY26SEP24300CE,True,10514,27.0,2026-08-03 09:15:00,2026-09-08 15:30:00
NSE:NIFTY26SEP24300PE,True,10527,27.0,2026-08-03 09:15:00,2026-09-08 15:30:00
NSE:NIFTY26SEP24350CE,True,10081,27.0,2026-08-03 09:16:00,2026-09-08 15:30:00
NSE:NIFTY26SEP24350PE,True,10479,27.0,2026-08-03 09:18:00,2026-09-08 15:30:00
NSE:NIFTY26SEP24400CE,True,10520,27.0,2026-08-03 09:15:00,2026-09-08 15:30:00
NSE:NIFTY26SEP24400PE,True,10528,27.0,2026-08-03 09:15:00,2026-09-08 15:30:00
NSE:NIFTY26SEP24450CE,True,10448,27.0,2026-08-03 09:35:00,2026-09-08 15:30:00
NSE:NIFTY26SEP24450PE,True,10455,27.0,2026-08-03 09:17:00,2026-09-08 15:30:00
NSE:NIFTY26SEP24500CE,True,10528,27.0,2026-08-03 09:15:00,2026-09-08 15:30:00
NSE:NIFTY26SEP24500PE,True,10528,27.0,2026-08-03 09:15:00,2026-09-08 15:30:00
NSE:NIFTY26SEP24550CE,True,10492,27.0,2026-08-03 09:15:00,2026-09-08 15:30:00
NSE:NIFTY26SEP24550PE,True,10431,27.0,2026-08-03 09:16:00,2026-09-08 15:30:00
NSE:NIFTY26SEP24600CE,True,10527,27.0,2026-08-03 09:15:00,2026-09-08 15:30:00
NSE:NIFTY26SEP24600PE,True,10526,27.0,2026-08-03 09:15:00,2026-09-08 15:30:00
NSE:NIFTY26SEP24650CE,True,10505,27.0,2026-08-03 09:29:00,2026-09-08 15:30:00
NSE:NIFTY26SEP24650PE,True,10233,27.0,2026-08-03 09:17:00,2026-09-08 15:30:00
NSE:NIFTY26SEP24700CE,True,10525,27.0,2026-08-03 09:16:00,2026-09-08 15:30:00
NSE:NIFTY26SEP24700PE,True,10521,27.0,2026-08-03 09:18:00,2026-09-08 15:30:00
NSE:NIFTY26SEP24750CE,True,10498,27.0,2026-08-03 09:19:00,2026-09-08 15:30:00
NSE:NIFTY26SEP24750PE,True,9832,27.0,2026-08-03 09:38:00,2026-09-08 15:30:00
NSE:NIFTY26SEP24800CE,True,10527,27.0,2026-08-03 09:15:00,2026-09-08 15:30:00
NSE:NIFTY26SEP24800PE,True,10521,27.0,2026-08-03 09:15:00,2026-09-08 15:30:00
NSE:NIFTY26SEP24850CE,True,10426,27.0,2026-08-03 09:26:00,2026-09-08 15:30:00
NSE:NIFTY26SEP24850PE,True,6507,22.0,2026-08-03 09:51:00,2026-09-08 15:30:00
NSE:NIFTY26SEP24900CE,True,10525,27.0,2026-08-03 09:16:00,2026-09-08 15:30:00
NSE:NIFTY26SEP24900PE,True,10443,27.0,2026-08-03 09:21:00,2026-09-08 15:30:00
NSE:NIFTY26SEP24950CE,True,10418,27.0,2026-08-03 09:27:00,2026-09-08 15:30:00
NSE:NIFTY26SEP24950PE,True,7423,26.0,2026-08-03 11:31:00,2026-09-08 15:30:00
NSE:NIFTY26SEP25000CE,True,10528,27.0,2026-08-03 09:15:00,2026-09-08 15:30:00
NSE:NIFTY26SEP25000PE,True,10528,27.0,2026-08-03 09:15:00,2026-09-08 15:30:00
NSE:NIFTY26SEP25050CE,True,10458,27.0,2026-08-03 09:18:00,2026-09-08 15:30:00
NSE:NIFTY26SEP25050PE,True,5030,18.0,2026-08-03 10:21:00,2026-08-27 15:30:00
NSE:BANKNIFTY26SEP56100CE,True,3380,10.0,2026-08-24 14:40:00,2026-09-08 15:30:00
NSE:BANKNIFTY26SEP56100PE,True,3742,9.0,2026-08-27 09:31:00,2026-09-08 15:30:00
NSE:BANKNIFTY26SEP56200CE,True,6251,18.0,2026-08-11 13:14:00,2026-09-08 15:30:00
NSE:BANKNIFTY26SEP56200PE,True,9908,27.0,2026-08-03 09:18:00,2026-09-08 15:30:00
NSE:BANKNIFTY26SEP56300CE,True,3234,9.0,2026-08-27 14:32:00,2026-09-08 15:30:00
NSE:BANKNIFTY26SEP56300PE,True,10317,27.0,2026-08-03 09:51:00,2026-09-08 15:30:00
NSE:BANKNIFTY26SEP56400CE,True,4453,13.0,2026-08-21 10:31:00,2026-09-08 15:30:00
NSE:BANKNIFTY26SEP56400PE,True,5183,13.0,2026-08-21 10:31:00,2026-09-08 15:30:00
NSE:BANKNIFTY26SEP56500CE,True,10461,27.0,2026-08-03 09:15:00,2026-09-08 15:30:00
NSE:BANKNIFTY26SEP56500PE,True,10507,27.0,2026-08-03 09:15:00,2026-09-08 15:30:00
NSE:BANKNIFTY26SEP56600CE,True,4941,13.0,2026-08-20 09:20:00,2026-09-08 15:30:00
NSE:BANKNIFTY26SEP56600PE,True,10071,27.0,2026-08-03 09:17:00,2026-09-08 15:30:00
NSE:BANKNIFTY26SEP56700CE,True,6581,18.0,2026-08-12 13:52:00,2026-09-08 15:30:00
NSE:BANKNIFTY26SEP56700PE,True,8458,24.0,2026-08-06 14:09:00,2026-09-08 15:30:00
NSE:BANKNIFTY26SEP56800CE,True,8561,24.0,2026-08-03 12:34:00,2026-09-08 15:30:00
NSE:BANKNIFTY26SEP56800PE,True,7710,22.0,2026-08-03 09:53:00,2026-09-08 15:30:00
NSE:BANKNIFTY26SEP56900CE,True,7848,23.0,2026-08-03 09:24:00,2026-09-08 15:30:00
NSE:BANKNIFTY26SEP56900PE,True,7297,20.0,2026-08-12 15:09:00,2026-09-08 15:30:00
NSE:BANKNIFTY26SEP57000CE,True,10520,27.0,2026-08-03 09:16:00,2026-09-08 15:30:00
NSE:BANKNIFTY26SEP57000PE,True,10526,27.0,2026-08-03 09:15:00,2026-09-08 15:30:00
NSE:BANKNIFTY26SEP57100CE,True,8892,24.0,2026-08-03 09:31:00,2026-09-08 15:30:00
NSE:BANKNIFTY26SEP57100PE,True,10220,27.0,2026-08-03 09:36:00,2026-09-08 15:30:00
NSE:BANKNIFTY26SEP57200CE,True,9202,26.0,2026-08-03 09:26:00,2026-09-08 15:30:00
NSE:BANKNIFTY26SEP57200PE,True,10332,27.0,2026-08-03 09:20:00,2026-09-08 15:30:00
NSE:BANKNIFTY26SEP57300CE,True,9432,25.0,2026-08-03 09:34:00,2026-09-08 15:30:00
NSE:BANKNIFTY26SEP57300PE,True,10302,27.0,2026-08-03 09:17:00,2026-09-08 15:30:00
NSE:BANKNIFTY26SEP57400CE,True,9811,26.0,2026-08-03 09:15:00,2026-09-08 15:30:00
NSE:BANKNIFTY26SEP57400PE,True,10402,27.0,2026-08-03 09:18:00,2026-09-08 15:30:00
NSE:BANKNIFTY26SEP57500CE,True,10524,27.0,2026-08-03 09:17:00,2026-09-08 15:30:00
NSE:BANKNIFTY26SEP57500PE,True,10518,27.0,2026-08-03 09:16:00,2026-09-08 15:30:00
NSE:BANKNIFTY26SEP57600CE,True,10374,27.0,2026-08-03 09:30:00,2026-09-08 15:30:00
NSE:BANKNIFTY26SEP57600PE,True,10280,27.0,2026-08-03 09:15:00,2026-09-08 15:30:00
NSE:BANKNIFTY26SEP57700CE,True,10434,27.0,2026-08-03 09:39:00,2026-09-08 15:30:00
NSE:BANKNIFTY26SEP57700PE,True,10366,27.0,2026-08-03 09:35:00,2026-09-08 15:30:00
NSE:BANKNIFTY26SEP57800CE,True,10384,27.0,2026-08-03 10:00:00,2026-09-08 15:30:00
NSE:BANKNIFTY26SEP57800PE,True,10472,27.0,2026-08-03 09:17:00,2026-09-08 15:30:00
NSE:BANKNIFTY26SEP57900CE,True,10262,27.0,2026-08-03 09:47:00,2026-09-08 15:30:00
NSE:BANKNIFTY26SEP57900PE,True,10500,27.0,2026-08-03 09:16:00,2026-09-08 15:30:00
NSE:BANKNIFTY26SEP58000CE,True,10525,27.0,2026-08-03 09:15:00,2026-09-08 15:30:00
NSE:BANKNIFTY26SEP58000PE,True,10524,27.0,2026-08-03 09:15:00,2026-09-08 15:30:00
NSE:BANKNIFTY26SEP58100CE,True,10219,27.0,2026-08-03 12:47:00,2026-09-08 15:30:00
NSE:BANKNIFTY26SEP58100PE,True,10331,27.0,2026-08-03 09:40:00,2026-09-08 15:30:00
NSE:BANKNIFTY26SEP58200CE,True,10387,27.0,2026-08-03 09:23:00,2026-09-08 15:30:00
NSE:BANKNIFTY26SEP58200PE,True,10470,27.0,2026-08-03 09:17:00,2026-09-08 15:30:00
NSE:BANKNIFTY26SEP58300CE,True,10252,27.0,2026-08-03 09:36:00,2026-09-08 15:30:00
NSE:BANKNIFTY26SEP58300PE,True,9831,26.0,2026-08-03 09:16:00,2026-09-08 15:30:00
NSE:BANKNIFTY26SEP58400CE,True,10312,27.0,2026-08-03 09:16:00,2026-09-08 15:30:00
NSE:BANKNIFTY26SEP58400PE,True,10128,27.0,2026-08-03 09:30:00,2026-09-08 15:30:00
NSE:BANKNIFTY26SEP58500CE,True,10525,27.0,2026-08-03 09:15:00,2026-09-08 15:30:00
NSE:BANKNIFTY26SEP58500PE,True,10511,27.0,2026-08-03 09:16:00,2026-09-08 15:30:00
NSE:BANKNIFTY26SEP58600CE,True,8515,24.0,2026-08-04 14:23:00,2026-09-08 15:30:00
NSE:BANKNIFTY26SEP58600PE,True,8994,25.0,2026-08-03 09:45:00,2026-09-08 15:30:00
NSE:BANKNIFTY26SEP58700CE,True,7908,21.0,2026-08-11 14:36:00,2026-09-08 15:30:00
NSE:BANKNIFTY26SEP58700PE,True,7550,22.0,2026-08-03 10:53:00,2026-09-08 15:30:00
NSE:BANKNIFTY26SEP58800CE,True,8584,23.0,2026-08-07 13:52:00,2026-09-08 15:30:00
NSE:BANKNIFTY26SEP58800PE,True,5992,19.0,2026-08-03 11:51:00,2026-09-08 15:30:00
NSE:FINNIFTY26SEP25350CE,False,0,,,
NSE:FINNIFTY26SEP25350PE,False,0,,,
NSE:FINNIFTY26SEP25400CE,False,0,,,
NSE:FINNIFTY26SEP25400PE,False,0,,,
NSE:FINNIFTY26SEP25450CE,False,0,,,
NSE:FINNIFTY26SEP25450PE,False,0,,,
NSE:FINNIFTY26SEP25500CE,True,507,2.0,2026-08-25 13:13:00,2026-09-02 15:30:00
NSE:FINNIFTY26SEP25500PE,True,2242,5.0,2026-09-02 09:17:00,2026-09-08 15:30:00
NSE:FINNIFTY26SEP25550CE,False,0,,,
NSE:FINNIFTY26SEP25550PE,True,1650,5.0,2026-09-02 15:01:00,2026-09-08 15:30:00
NSE:FINNIFTY26SEP25600CE,False,0,,,
NSE:FINNIFTY26SEP25600PE,False,0,,,
NSE:FINNIFTY26SEP25650CE,True,614,2.0,2026-09-02 11:04:00,2026-09-03 15:30:00
NSE:FINNIFTY26SEP25650PE,True,1014,3.0,2026-09-04 09:23:00,2026-09-08 15:30:00
NSE:FINNIFTY26SEP25700CE,True,1330,3.0,2026-09-02 11:04:00,2026-09-08 15:30:00
NSE:FINNIFTY26SEP25700PE,True,2227,5.0,2026-09-02 09:18:00,2026-09-08 15:30:00
NSE:FINNIFTY26SEP25750CE,True,951,2.0,2026-09-02 12:00:00,2026-09-08 15:30:00
NSE:FINNIFTY26SEP25750PE,True,2177,6.0,2026-09-01 13:49:00,2026-09-08 15:30:00
NSE:FINNIFTY26SEP25800CE,True,2120,5.0,2026-09-02 09:39:00,2026-09-08 15:30:00
NSE:FINNIFTY26SEP25800PE,True,2146,5.0,2026-09-02 10:53:00,2026-09-08 15:30:00
NSE:FINNIFTY26SEP25850CE,True,2132,7.0,2026-08-31 14:40:00,2026-09-08 15:30:00
NSE:FINNIFTY26SEP25850PE,True,2614,6.0,2026-09-01 09:22:00,2026-09-08 15:30:00
NSE:FINNIFTY26SEP25900CE,True,2360,6.0,2026-09-01 13:40:00,2026-09-08 15:30:00
NSE:FINNIFTY26SEP25900PE,True,2282,6.0,2026-09-01 14:49:00,2026-09-08 15:30:00
NSE:FINNIFTY26SEP25950CE,True,2636,7.0,2026-08-31 14:05:00,2026-09-08 15:30:00
NSE:FINNIFTY26SEP25950PE,True,2199,5.0,2026-09-02 09:19:00,2026-09-08 15:30:00
NSE:FINNIFTY26SEP26000CE,True,4630,12.0,2026-08-21 12:09:00,2026-09-08 15:30:00
NSE:FINNIFTY26SEP26000PE,True,4494,11.0,2026-08-25 09:17:00,2026-09-08 15:30:00
NSE:FINNIFTY26SEP26050CE,True,2511,6.0,2026-09-01 10:49:00,2026-09-08 15:30:00
NSE:FINNIFTY26SEP26050PE,True,1479,4.0,2026-09-01 09:26:00,2026-09-07 15:30:00
NSE:FINNIFTY26SEP26100CE,True,3632,9.0,2026-08-26 09:47:00,2026-09-08 15:30:00
NSE:FINNIFTY26SEP26100PE,True,4680,12.0,2026-08-24 11:14:00,2026-09-08 15:30:00
NSE:FINNIFTY26SEP26150CE,True,2922,7.0,2026-08-31 09:52:00,2026-09-08 15:30:00
NSE:FINNIFTY26SEP26150PE,True,1291,4.0,2026-09-01 09:16:00,2026-09-07 15:30:00
NSE:FINNIFTY26SEP26200CE,True,4761,13.0,2026-08-21 14:35:00,2026-09-08 15:30:00
NSE:FINNIFTY26SEP26200PE,True,3068,8.0,2026-08-28 13:20:00,2026-09-08 15:30:00
NSE:FINNIFTY26SEP26250CE,True,3873,10.0,2026-08-26 11:12:00,2026-09-08 15:30:00
NSE:FINNIFTY26SEP26250PE,True,728,2.0,2026-09-04 09:26:00,2026-09-07 15:30:00
NSE:FINNIFTY26SEP26300CE,True,3786,10.0,2026-08-25 14:49:00,2026-09-08 15:30:00
NSE:FINNIFTY26SEP26300PE,True,2580,7.0,2026-08-28 09:40:00,2026-09-07 15:30:00
NSE:FINNIFTY26SEP26350CE,True,3871,10.0,2026-08-26 11:11:00,2026-09-08 15:30:00
NSE:FINNIFTY26SEP26350PE,True,2388,7.0,2026-08-27 11:01:00,2026-09-04 15:30:00
NSE:FINNIFTY26SEP26400CE,True,4400,11.0,2026-08-25 10:49:00,2026-09-08 15:30:00
NSE:FINNIFTY26SEP26400PE,True,4011,10.0,2026-08-26 09:36:00,2026-09-08 15:30:00
NSE:FINNIFTY26SEP26450CE,True,4017,10.0,2026-08-26 09:56:00,2026-09-08 15:30:00
NSE:FINNIFTY26SEP26450PE,False,0,,,
NSE:FINNIFTY26SEP26500CE,True,4093,10.0,2026-08-26 09:47:00,2026-09-08 15:30:00
NSE:FINNIFTY26SEP26500PE,True,5220,14.0,2026-08-03 09:25:00,2026-09-08 15:30:00
NSE:FINNIFTY26SEP26550CE,False,0,,,
NSE:FINNIFTY26SEP26550PE,False,0,,,
NSE:FINNIFTY26SEP26600CE,False,0,,,
NSE:FINNIFTY26SEP26600PE,False,0,,,
NSE:FINNIFTY26SEP26650CE,True,3661,10.0,2026-08-26 15:14:00,2026-09-08 15:30:00
NSE:FINNIFTY26SEP26650PE,True,1987,6.0,2026-08-26 10:41:00,2026-09-07 15:30:00
NSE:FINNIFTY26SEP26700CE,False,0,,,
NSE:FINNIFTY26SEP26700PE,True,1195,4.0,2026-08-25 10:46:00,2026-08-28 15:30:00
NSE:FINNIFTY26SEP26750CE,False,0,,,
NSE:FINNIFTY26SEP26750PE,False,0,,,
NSE:FINNIFTY26SEP26800CE,False,0,,,
NSE:FINNIFTY26SEP26800PE,True,318,1.0,2026-08-27 10:13:00,2026-08-27 15:30:00
NSE:FINNIFTY26SEP26850CE,False,0,,,
NSE:FINNIFTY26SEP26850PE,True,338,1.0,2026-08-26 09:53:00,2026-08-26 15:30:00
NSE:FINNIFTY26SEP26900CE,False,0,,,
NSE:FINNIFTY26SEP26900PE,True,79,1.0,2026-08-26 14:12:00,2026-08-26 15:30:00
NSE:FINNIFTY26SEP26950CE,True,1077,2.0,2026-08-31 10:04:00,2026-09-08 15:30:00
NSE:FINNIFTY26SEP26950PE,False,0,,,
NSE:FINNIFTY26SEP27000CE,True,4829,12.0,2026-08-24 10:05:00,2026-09-08 15:30:00
NSE:FINNIFTY26SEP27000PE,True,2337,10.0,2026-08-04 12:02:00,2026-08-31 15:30:00
NSE:FINNIFTY26SEP27050CE,False,0,,,
NSE:FINNIFTY26SEP27050PE,True,629,2.0,2026-08-26 10:27:00,2026-08-27 15:30:00
NSE:FINNIFTY26SEP27100CE,False,0,,,
NSE:FINNIFTY26SEP27100PE,True,301,1.0,2026-08-26 10:30:00,2026-08-26 15:30:00
NSE:FINNIFTY26SEP27150CE,True,3394,10.0,2026-08-26 11:41:00,2026-09-08 15:30:00
NSE:FINNIFTY26SEP27150PE,True,626,2.0,2026-08-26 10:30:00,2026-08-27 15:30:00
NSE:FINNIFTY26SEP27200CE,False,0,,,
NSE:FINNIFTY26SEP27200PE,True,586,2.0,2026-08-26 11:10:00,2026-08-27 15:30:00
NSE:FINNIFTY26SEP27250CE,False,0,,,
NSE:FINNIFTY26SEP27250PE,True,665,2.0,2026-08-26 10:31:00,2026-08-27 15:30:00
NSE:MIDCPNIFTY26SEP14400CE,True,2658,7.0,2026-08-25 10:39:00,2026-09-08 15:30:00
NSE:MIDCPNIFTY26SEP14400PE,True,2252,5.0,2026-09-02 09:19:00,2026-09-08 15:30:00
NSE:MIDCPNIFTY26SEP14425CE,True,1495,3.0,2026-09-02 09:18:00,2026-09-08 15:30:00
NSE:MIDCPNIFTY26SEP14425PE,False,0,,,
NSE:MIDCPNIFTY26SEP14450CE,True,1827,4.0,2026-09-02 09:18:00,2026-09-08 15:30:00
NSE:MIDCPNIFTY26SEP14450PE,False,0,,,
NSE:MIDCPNIFTY26SEP14475CE,True,1494,3.0,2026-09-02 09:20:00,2026-09-08 15:30:00
NSE:MIDCPNIFTY26SEP14475PE,False,0,,,
NSE:MIDCPNIFTY26SEP14500CE,True,6720,19.0,2026-08-10 11:48:00,2026-09-08 15:30:00
NSE:MIDCPNIFTY26SEP14500PE,True,10146,27.0,2026-08-03 09:50:00,2026-09-08 15:30:00
NSE:MIDCPNIFTY26SEP14525CE,True,1795,5.0,2026-09-01 14:06:00,2026-09-08 15:30:00
NSE:MIDCPNIFTY26SEP14525PE,True,2182,5.0,2026-09-02 09:22:00,2026-09-08 15:30:00
NSE:MIDCPNIFTY26SEP14550CE,True,2516,7.0,2026-08-31 10:36:00,2026-09-08 15:30:00
NSE:MIDCPNIFTY26SEP14550PE,True,2244,5.0,2026-09-02 09:22:00,2026-09-08 15:30:00
NSE:MIDCPNIFTY26SEP14575CE,True,2552,7.0,2026-08-31 10:10:00,2026-09-08 15:30:00
NSE:MIDCPNIFTY26SEP14575PE,True,2241,5.0,2026-09-02 09:21:00,2026-09-08 15:30:00
NSE:MIDCPNIFTY26SEP14600CE,True,4028,10.0,2026-08-25 10:43:00,2026-09-08 15:30:00
NSE:MIDCPNIFTY26SEP14600PE,True,5046,13.0,2026-08-21 12:41:00,2026-09-08 15:30:00
NSE:MIDCPNIFTY26SEP14625CE,True,2903,7.0,2026-08-27 10:33:00,2026-09-08 15:30:00
NSE:MIDCPNIFTY26SEP14625PE,True,2249,5.0,2026-09-02 09:21:00,2026-09-08 15:30:00
NSE:MIDCPNIFTY26SEP14650CE,True,2923,7.0,2026-08-27 10:25:00,2026-09-08 15:30:00
NSE:MIDCPNIFTY26SEP14650PE,True,2253,5.0,2026-09-02 09:17:00,2026-09-08 15:30:00
NSE:MIDCPNIFTY26SEP14675CE,True,2977,7.0,2026-08-27 09:21:00,2026-09-08 15:30:00
NSE:MIDCPNIFTY26SEP14675PE,True,2247,5.0,2026-09-02 09:16:00,2026-09-08 15:30:00
NSE:MIDCPNIFTY26SEP14700CE,True,4527,12.0,2026-08-24 13:53:00,2026-09-08 15:30:00
NSE:MIDCPNIFTY26SEP14700PE,True,4134,10.0,2026-08-26 09:16:00,2026-09-08 15:30:00
NSE:MIDCPNIFTY26SEP14725CE,True,3277,8.0,2026-08-24 10:19:00,2026-09-08 15:30:00
NSE:MIDCPNIFTY26SEP14725PE,True,2247,5.0,2026-09-02 09:21:00,2026-09-08 15:30:00
NSE:MIDCPNIFTY26SEP14750CE,True,2621,7.0,2026-08-24 13:53:00,2026-09-08 15:30:00
NSE:MIDCPNIFTY26SEP14750PE,True,2306,6.0,2026-09-01 14:34:00,2026-09-08 15:30:00
NSE:MIDCPNIFTY26SEP14775CE,True,3276,10.0,2026-08-21 09:25:00,2026-09-08 15:30:00
NSE:MIDCPNIFTY26SEP14775PE,True,2319,6.0,2026-09-01 13:53:00,2026-09-08 15:30:00
NSE:MIDCPNIFTY26SEP14800CE,True,6503,17.0,2026-08-13 12:08:00,2026-09-08 15:30:00
NSE:MIDCPNIFTY26SEP14800PE,True,5992,15.0,2026-08-19 09:16:00,2026-09-08 15:30:00
NSE:MIDCPNIFTY26SEP14825CE,True,3457,9.0,2026-08-26 09:16:00,2026-09-08 15:30:00
NSE:MIDCPNIFTY26SEP14825PE,True,4505,11.0,2026-08-25 09:15:00,2026-09-08 15:30:00
NSE:MIDCPNIFTY26SEP14850CE,True,4999,13.0,2026-08-21 11:45:00,2026-09-08 15:30:00
NSE:MIDCPNIFTY26SEP14850PE,True,4461,12.0,2026-08-24 14:24:00,2026-09-08 15:30:00
NSE:MIDCPNIFTY26SEP14875CE,True,4725,12.0,2026-08-24 10:08:00,2026-09-08 15:30:00
NSE:MIDCPNIFTY26SEP14875PE,True,4553,12.0,2026-08-24 13:04:00,2026-09-08 15:30:00
NSE:MIDCPNIFTY26SEP14900CE,True,5421,14.0,2026-08-20 12:44:00,2026-09-08 15:30:00
NSE:MIDCPNIFTY26SEP14900PE,True,6394,17.0,2026-08-04 15:09:00,2026-09-08 15:30:00
NSE:MIDCPNIFTY26SEP14925CE,True,6465,17.0,2026-08-17 09:24:00,2026-09-08 15:30:00
NSE:MIDCPNIFTY26SEP14925PE,True,6343,19.0,2026-08-04 14:15:00,2026-09-08 15:30:00
NSE:MIDCPNIFTY26SEP14950CE,True,5319,14.0,2026-08-20 12:00:00,2026-09-08 15:30:00
NSE:MIDCPNIFTY26SEP14950PE,True,4582,13.0,2026-08-05 14:57:00,2026-09-08 15:30:00
NSE:MIDCPNIFTY26SEP14975CE,True,4132,11.0,2026-08-25 15:01:00,2026-09-08 15:30:00
NSE:MIDCPNIFTY26SEP14975PE,True,4281,14.0,2026-08-05 15:15:00,2026-09-08 15:30:00
NSE:MIDCPNIFTY26SEP15000CE,True,10080,26.0,2026-08-04 09:46:00,2026-09-08 15:30:00
NSE:MIDCPNIFTY26SEP15000PE,True,9184,25.0,2026-08-05 13:48:00,2026-09-08 15:30:00
NSE:MIDCPNIFTY26SEP15025CE,True,4088,10.0,2026-08-26 09:49:00,2026-09-08 15:30:00
NSE:MIDCPNIFTY26SEP15025PE,True,2025,7.0,2026-08-31 10:11:00,2026-09-08 15:30:00
NSE:MIDCPNIFTY26SEP15050CE,True,4781,12.0,2026-08-24 10:36:00,2026-09-08 15:30:00
NSE:MIDCPNIFTY26SEP15050PE,True,3114,11.0,2026-08-14 10:35:00,2026-09-08 15:30:00
NSE:MIDCPNIFTY26SEP15075CE,True,4073,10.0,2026-08-26 09:56:00,2026-09-08 15:30:00
NSE:MIDCPNIFTY26SEP15075PE,True,2981,10.0,2026-08-26 09:49:00,2026-09-08 15:30:00
NSE:MIDCPNIFTY26SEP15100CE,True,4135,10.0,2026-08-26 09:15:00,2026-09-08 15:30:00
NSE:MIDCPNIFTY26SEP15100PE,True,4061,10.0,2026-08-26 09:25:00,2026-09-08 15:30:00
NSE:MIDCPNIFTY26SEP15125CE,True,4074,10.0,2026-08-26 09:47:00,2026-09-08 15:30:00
NSE:MIDCPNIFTY26SEP15125PE,True,1697,6.0,2026-08-27 09:30:00,2026-09-07 15:30:00
NSE:MIDCPNIFTY26SEP15150CE,True,4067,10.0,2026-08-26 10:04:00,2026-09-08 15:30:00
NSE:MIDCPNIFTY26SEP15150PE,True,2361,6.0,2026-08-27 09:18:00,2026-09-08 15:30:00
NSE:MIDCPNIFTY26SEP15175CE,False,0,,,
NSE:MIDCPNIFTY26SEP15175PE,True,1096,3.0,2026-08-27 09:30:00,2026-09-01 15:30:00
NSE:MIDCPNIFTY26SEP15200CE,True,6368,16.0,2026-08-18 09:35:00,2026-09-08 15:30:00
NSE:MIDCPNIFTY26SEP15200PE,True,3503,10.0,2026-08-26 10:21:00,2026-09-08 15:30:00
NSE:MIDCPNIFTY26SEP15225CE,False,0,,,
NSE:MIDCPNIFTY26SEP15225PE,True,1493,6.0,2026-08-19 12:22:00,2026-09-01 15:30:00
