entry,exit,flt,off,sl,tp,net,days,wr,worst,best,sl_days
09:25:00,15:15:00,vwap_010,100,0.35,0.75,14980.64,24,75.0,-1460.68,5550.71,1
09:25:00,15:15:00,vwap_010,50,0.35,0.75,13717.83,24,62.5,-1478.7,5987.61,1
09:25:00,15:15:00,vwap_010,50,0.25,0.75,13663.37,24,58.3,-1327.29,5987.61,2
09:25:00,15:15:00,vwap_010,150,0.35,0.75,13316.64,24,66.7,-1413.1,5119.84,1
09:25:00,15:15:00,vwap_010,150,0.25,0.75,13123.23,24,62.5,-1413.1,5119.84,2
09:25:00,15:15:00,vwap_010,100,0.25,0.75,12761.6,24,70.8,-1613.62,5550.71,3
09:45:00,15:15:00,vwap_010,50,0.25,0.75,11247.83,24,58.3,-1191.5,5590.9,3
09:45:00,15:15:00,vwap_010,100,0.35,0.75,10571.19,24,70.8,-962.71,5118.24,1
09:25:00,15:00:00,vwap_010,100,0.35,0.75,9920.1,24,70.8,-1432.29,5302.33,1
09:45:00,15:15:00,vwap_010,50,0.35,0.75,9816.36,24,58.3,-1191.5,5590.9,2
09:25:00,15:15:00,vwap_010,100,0.35,0.5,9693.33,24,75.0,-1460.68,3356.08,1
09:25:00,15:15:00,vwap_010,100,0.35,,9693.33,24,75.0,-1460.68,3356.08,1
09:25:00,15:15:00,move_005,100,0.35,0.75,9648.12,24,70.8,-1852.01,5550.71,1
09:25:00,15:15:00,move_020,100,0.35,0.75,9648.12,24,70.8,-1852.01,5550.71,1
09:25:00,15:15:00,move_010,100,0.35,0.75,9648.12,24,70.8,-1852.01,5550.71,1
09:25:00,15:15:00,none,100,0.35,0.75,9648.12,24,70.8,-1852.01,5550.71,1
09:25:00,15:00:00,vwap_010,100,0.25,0.75,8823.06,24,62.5,-1405.12,5302.33,3
09:25:00,15:15:00,none,50,0.35,0.75,8768.47,24,58.3,-1823.67,5987.61,1
09:25:00,15:15:00,move_005,50,0.35,0.75,8768.47,24,58.3,-1823.67,5987.61,1
09:25:00,15:15:00,move_020,50,0.35,0.75,8768.47,24,58.3,-1823.67,5987.61,1
09:25:00,15:15:00,move_010,50,0.35,0.75,8768.47,24,58.3,-1823.67,5987.61,1
09:25:00,15:15:00,move_010,50,0.25,0.75,8714.01,24,54.2,-1823.67,5987.61,2
09:25:00,15:15:00,move_005,50,0.25,0.75,8714.01,24,54.2,-1823.67,5987.61,2
09:25:00,15:15:00,move_020,50,0.25,0.75,8714.01,24,54.2,-1823.67,5987.61,2
09:25:00,15:15:00,none,50,0.25,0.75,8714.01,24,54.2,-1823.67,5987.61,2
09:45:00,15:15:00,vwap_010,100,0.25,0.75,8549.61,24,66.7,-1679.3,5118.24,4
09:25:00,15:15:00,vwap_010,150,0.35,,8455.02,24,66.7,-1413.1,3356.08,1
09:25:00,15:15:00,vwap_010,150,0.35,0.5,8455.02,24,66.7,-1413.1,3356.08,1
09:25:00,15:15:00,move_010,150,0.35,0.75,8443.57,24,62.5,-1616.46,5119.84,1
09:25:00,15:15:00,move_005,150,0.35,0.75,8443.57,24,62.5,-1616.46,5119.84,1
09:25:00,15:15:00,move_020,150,0.35,0.75,8443.57,24,62.5,-1616.46,5119.84,1
09:25:00,15:15:00,none,150,0.35,0.75,8443.57,24,62.5,-1616.46,5119.84,1
09:25:00,15:00:00,vwap_010,150,0.25,0.75,8407.58,24,54.2,-2761.07,4910.67,2
09:25:00,15:00:00,vwap_010,150,0.35,0.75,8396.12,24,58.3,-2761.07,4910.67,1
09:25:00,15:00:00,vwap_010,50,0.25,0.75,8282.73,24,54.2,-1711.57,5670.6,2
09:25:00,15:15:00,vwap_010,100,0.15,0.75,8279.51,24,66.7,-1460.68,3356.08,8
09:25:00,15:15:00,none,150,0.25,0.75,8250.16,24,58.3,-1616.46,5119.84,2
09:25:00,15:15:00,move_010,150,0.25,0.75,8250.16,24,58.3,-1616.46,5119.84,2
09:25:00,15:15:00,move_005,150,0.25,0.75,8250.16,24,58.3,-1616.46,5119.84,2
09:25:00,15:15:00,move_020,150,0.25,0.75,8250.16,24,58.3,-1616.46,5119.84,2
09:25:00,15:15:00,vwap_010,50,0.35,,8115.42,24,62.5,-1478.7,3356.08,1
09:25:00,15:15:00,vwap_010,50,0.35,0.5,8115.42,24,62.5,-1478.7,3356.08,1
09:25:00,15:00:00,vwap_010,50,0.35,0.75,8109.51,24,58.3,-1711.57,5670.6,1
09:25:00,15:15:00,vwap_010,150,0.25,,7920.16,24,58.3,-1413.1,3356.08,3
09:25:00,15:15:00,vwap_010,150,0.25,0.5,7920.16,24,58.3,-1413.1,3356.08,3
09:25:00,15:15:00,move_005,100,0.25,0.75,7429.08,24,66.7,-1852.01,5550.71,3
09:25:00,15:15:00,none,100,0.25,0.75,7429.08,24,66.7,-1852.01,5550.71,3
09:25:00,15:15:00,move_010,100,0.25,0.75,7429.08,24,66.7,-1852.01,5550.71,3
09:25:00,15:15:00,move_020,100,0.25,0.75,7429.08,24,66.7,-1852.01,5550.71,3
09:45:00,15:15:00,vwap_010,150,0.35,0.75,7394.16,24,58.3,-1063.63,4703.55,2
09:25:00,15:15:00,vwap_010,50,0.25,0.5,7279.87,24,54.2,-1327.29,3356.08,3
09:25:00,15:15:00,vwap_010,50,0.25,,7279.87,24,54.2,-1327.29,3356.08,3
09:25:00,15:15:00,vwap_010,100,0.25,0.5,6794.51,24,66.7,-1613.62,3356.08,4
09:25:00,15:15:00,vwap_010,100,0.25,,6794.51,24,66.7,-1613.62,3356.08,4
09:45:00,15:00:00,vwap_010,100,0.35,0.75,6592.16,24,62.5,-2734.06,4869.86,0
09:35:00,15:15:00,vwap_010,100,0.35,0.75,6133.87,24,66.7,-1331.47,2920.01,1
09:35:00,15:15:00,vwap_010,100,0.35,0.5,6133.87,24,66.7,-1331.47,2920.01,1
09:35:00,15:15:00,vwap_010,100,0.35,,6133.87,24,66.7,-1331.47,2920.01,1
09:25:00,15:15:00,vwap_010,0,0.35,0.75,6003.23,24,62.5,-1627.21,3356.08,1
09:25:00,15:15:00,vwap_010,0,0.35,,6003.23,24,62.5,-1627.21,3356.08,1
09:25:00,15:15:00,vwap_010,0,0.35,0.5,6003.23,24,62.5,-1627.21,3356.08,1
09:25:00,15:15:00,vwap_010,150,0.15,0.75,5826.62,24,58.3,-1413.1,3356.08,8
09:45:00,15:15:00,vwap_010,100,0.15,0.75,5811.12,24,62.5,-1648.03,3429.56,8
09:25:00,15:00:00,move_005,100,0.35,0.75,5803.08,24,66.7,-1432.29,5302.33,1
09:25:00,15:00:00,none,100,0.35,0.75,5803.08,24,66.7,-1432.29,5302.33,1
09:25:00,15:00:00,move_020,100,0.35,0.75,5803.08,24,66.7,-1432.29,5302.33,1
09:25:00,15:00:00,move_010,100,0.35,0.75,5803.08,24,66.7,-1432.29,5302.33,1
09:25:00,15:00:00,vwap_010,100,0.15,0.75,5636.42,24,62.5,-1420.89,3177.23,8
09:35:00,15:15:00,vwap_010,50,0.35,,5503.07,24,62.5,-1072.1,2920.01,1
09:35:00,15:15:00,vwap_010,50,0.35,0.5,5503.07,24,62.5,-1072.1,2920.01,1
09:35:00,15:15:00,vwap_010,50,0.35,0.75,5503.07,24,62.5,-1072.1,2920.01,1
09:45:00,15:15:00,move_010,50,0.25,0.75,5499.69,24,54.2,-2939.82,5590.9,3
09:45:00,15:15:00,none,50,0.25,0.75,5499.69,24,54.2,-2939.82,5590.9,3
09:45:00,15:15:00,move_020,50,0.25,0.75,5499.69,24,54.2,-2939.82,5590.9,3
09:45:00,15:15:00,move_005,50,0.25,0.75,5499.69,24,54.2,-2939.82,5590.9,3
09:45:00,15:00:00,vwap_010,100,0.25,0.75,5489.93,24,62.5,-2734.06,4869.86,4
09:45:00,15:15:00,vwap_010,100,0.35,0.5,5482.25,24,66.7,-962.71,3627.93,1
09:45:00,15:15:00,vwap_010,100,0.35,,5482.25,24,66.7,-962.71,3627.93,1
09:25:00,15:15:00,vwap_010,50,0.15,0.75,5441.49,24,54.2,-1327.29,3356.08,8
09:45:00,15:15:00,vwap_010,0,0.35,,5404.92,24,54.2,-977.62,3627.93,1
09:45:00,15:15:00,vwap_010,0,0.35,0.5,5404.92,24,54.2,-977.62,3627.93,1
09:45:00,15:15:00,vwap_010,0,0.35,0.75,5206.55,24,54.2,-977.62,3429.56,1
09:25:00,15:15:00,vwap_010,0,0.25,,5153.51,24,54.2,-1324.02,3356.08,3
09:25:00,15:15:00,vwap_010,0,0.25,0.5,5153.51,24,54.2,-1324.02,3356.08,3
09:25:00,15:15:00,vwap_010,0,0.25,0.75,5153.51,24,54.2,-1324.02,3356.08,3
09:45:00,15:15:00,move_005,100,0.35,0.75,5119.59,24,66.7,-2792.37,5118.24,1
09:45:00,15:15:00,move_020,100,0.35,0.75,5119.59,24,66.7,-2792.37,5118.24,1
09:45:00,15:15:00,none,100,0.35,0.75,5119.59,24,66.7,-2792.37,5118.24,1
09:45:00,15:15:00,move_010,100,0.35,0.75,5119.59,24,66.7,-2792.37,5118.24,1
09:45:00,15:15:00,vwap_010,50,0.25,0.5,5062.69,24,54.2,-1191.5,3627.93,4
09:45:00,15:15:00,vwap_010,50,0.25,,5062.69,24,54.2,-1191.5,3627.93,4
09:25:00,15:00:00,vwap_010,100,0.35,,5047.85,24,70.8,-1432.29,3177.23,1
09:25:00,15:00:00,vwap_010,100,0.35,0.5,5047.85,24,70.8,-1432.29,3177.23,1
09:35:00,15:15:00,vwap_010,100,0.25,,4981.35,24,62.5,-1331.47,2920.01,4
09:35:00,15:15:00,vwap_010,100,0.25,0.5,4981.35,24,62.5,-1331.47,2920.01,4
09:35:00,15:15:00,vwap_010,100,0.25,0.75,4981.35,24,62.5,-1331.47,2920.01,4
09:25:00,15:00:00,move_020,50,0.25,0.75,4905.33,24,50.0,-1711.57,5670.6,2
09:25:00,15:00:00,none,50,0.25,0.75,4905.33,24,50.0,-1711.57,5670.6,2
09:25:00,15:00:00,move_005,50,0.25,0.75,4905.33,24,50.0,-1711.57,5670.6,2
09:25:00,15:00:00,move_010,50,0.25,0.75,4905.33,24,50.0,-1711.57,5670.6,2
09:35:00,15:15:00,vwap_010,150,0.35,,4826.49,24,58.3,-1090.08,2920.01,1
09:35:00,15:15:00,vwap_010,150,0.35,0.75,4826.49,24,58.3,-1090.08,2920.01,1
09:35:00,15:15:00,vwap_010,150,0.35,0.5,4826.49,24,58.3,-1090.08,2920.01,1
09:25:00,15:00:00,move_005,50,0.35,0.75,4732.11,24,54.2,-1711.57,5670.6,1
09:25:00,15:00:00,move_010,50,0.35,0.75,4732.11,24,54.2,-1711.57,5670.6,1
09:25:00,15:00:00,move_020,50,0.35,0.75,4732.11,24,54.2,-1711.57,5670.6,1
09:25:00,15:00:00,none,50,0.35,0.75,4732.11,24,54.2,-1711.57,5670.6,1
09:45:00,15:00:00,vwap_010,50,0.25,0.75,4714.07,24,45.8,-1487.97,5273.89,3
09:25:00,15:00:00,none,100,0.25,0.75,4706.04,24,58.3,-1405.12,5302.33,3
09:25:00,15:00:00,move_020,100,0.25,0.75,4706.04,24,58.3,-1405.12,5302.33,3
09:25:00,15:00:00,move_005,100,0.25,0.75,4706.04,24,58.3,-1405.12,5302.33,3
09:25:00,15:00:00,move_010,100,0.25,0.75,4706.04,24,58.3,-1405.12,5302.33,3
09:45:00,15:15:00,vwap_010,150,0.15,0.75,4440.14,24,54.2,-1440.26,3429.56,8
09:25:00,15:00:00,none,150,0.25,0.75,4429.68,24,50.0,-2761.07,4910.67,2
09:25:00,15:00:00,move_010,150,0.25,0.75,4429.68,24,50.0,-2761.07,4910.67,2
09:25:00,15:00:00,move_020,150,0.25,0.75,4429.68,24,50.0,-2761.07,4910.67,2
09:25:00,15:00:00,move_005,150,0.25,0.75,4429.68,24,50.0,-2761.07,4910.67,2
09:25:00,15:00:00,move_005,150,0.35,0.75,4418.22,24,54.2,-2761.07,4910.67,1
09:25:00,15:00:00,move_020,150,0.35,0.75,4418.22,24,54.2,-2761.07,4910.67,1
09:25:00,15:00:00,none,150,0.35,0.75,4418.22,24,54.2,-2761.07,4910.67,1
09:25:00,15:00:00,move_010,150,0.35,0.75,4418.22,24,54.2,-2761.07,4910.67,1
09:45:00,15:15:00,vwap_010,50,0.35,,4412.31,24,54.2,-1191.5,3627.93,2
09:45:00,15:15:00,vwap_010,50,0.35,0.5,4412.31,24,54.2,-1191.5,3627.93,2
09:25:00,15:15:00,move_020,100,0.35,,4360.81,24,70.8,-1852.01,1157.14,1
09:25:00,15:15:00,none,100,0.35,0.5,4360.81,24,70.8,-1852.01,1157.14,1
09:25:00,15:15:00,move_020,100,0.35,0.5,4360.81,24,70.8,-1852.01,1157.14,1
09:25:00,15:15:00,none,100,0.35,,4360.81,24,70.8,-1852.01,1157.14,1
09:25:00,15:15:00,move_005,100,0.35,,4360.81,24,70.8,-1852.01,1157.14,1
09:25:00,15:15:00,move_010,100,0.35,,4360.81,24,70.8,-1852.01,1157.14,1
09:25:00,15:15:00,move_010,100,0.35,0.5,4360.81,24,70.8,-1852.01,1157.14,1
09:25:00,15:15:00,move_005,100,0.35,0.5,4360.81,24,70.8,-1852.01,1157.14,1
09:25:00,15:15:00,move_020,100,0.15,0.75,4250.99,24,62.5,-1460.68,1218.2,9
09:25:00,15:15:00,move_010,100,0.15,0.75,4250.99,24,62.5,-1460.68,1218.2,9
09:25:00,15:15:00,move_005,100,0.15,0.75,4250.99,24,62.5,-1460.68,1218.2,9
09:25:00,15:15:00,none,100,0.15,0.75,4250.99,24,62.5,-1460.68,1218.2,9
09:45:00,15:15:00,vwap_010,50,0.15,0.75,4224.97,24,45.8,-2348.25,3429.56,8
09:45:00,15:00:00,vwap_010,150,0.35,0.75,4175.09,24,41.7,-1436.4,4494.38,2
09:35:00,15:15:00,vwap_010,50,0.25,,4079.26,24,58.3,-1122.47,2920.01,4
09:35:00,15:15:00,vwap_010,50,0.25,0.75,4079.26,24,58.3,-1122.47,2920.01,4
09:35:00,15:15:00,vwap_010,50,0.25,0.5,4079.26,24,58.3,-1122.47,2920.01,4
09:45:00,15:15:00,none,50,0.35,0.75,4068.22,24,54.2,-2939.82,5590.9,2
09:45:00,15:15:00,move_005,50,0.35,0.75,4068.22,24,54.2,-2939.82,5590.9,2
09:45:00,15:15:00,move_010,50,0.35,0.75,4068.22,24,54.2,-2939.82,5590.9,2
09:45:00,15:15:00,move_020,50,0.35,0.75,4068.22,24,54.2,-2939.82,5590.9,2
09:35:00,15:15:00,vwap_010,50,0.15,0.75,4011.2,24,58.3,-1213.21,2920.01,8
09:35:00,15:15:00,vwap_010,50,0.15,,4011.2,24,58.3,-1213.21,2920.01,8
09:35:00,15:15:00,vwap_010,50,0.15,0.5,4011.2,24,58.3,-1213.21,2920.01,8
09:45:00,15:00:00,vwap_010,100,0.15,0.75,3950.73,24,58.3,-2073.89,3429.56,8
09:45:00,15:15:00,vwap_010,150,0.25,0.75,3731.03,24,50.0,-1985.45,4703.55,6
09:25:00,15:00:00,vwap_010,150,0.35,,3713.36,24,58.3,-2761.07,3177.23,1
09:25:00,15:00:00,vwap_010,150,0.35,0.5,3713.36,24,58.3,-2761.07,3177.23,1
09:25:00,15:15:00,vwap_010,100,0.15,,3665.04,24,66.7,-4995.48,3356.08,8
09:25:00,15:15:00,vwap_010,100,0.15,0.5,3665.04,24,66.7,-4995.48,3356.08,8
09:35:00,15:15:00,vwap_010,150,0.25,0.75,3640.73,24,54.2,-1308.89,2920.01,4
09:35:00,15:15:00,vwap_010,150,0.25,0.5,3640.73,24,54.2,-1308.89,2920.01,4
09:35:00,15:15:00,vwap_010,150,0.25,,3640.73,24,54.2,-1308.89,2920.01,4
09:25:00,15:15:00,none,150,0.35,,3581.95,24,62.5,-1616.46,1867.74,1
09:25:00,15:15:00,move_010,150,0.35,0.5,3581.95,24,62.5,-1616.46,1867.74,1
09:25:00,15:15:00,none,150,0.35,0.5,3581.95,24,62.5,-1616.46,1867.74,1
09:25:00,15:15:00,move_010,150,0.35,,3581.95,24,62.5,-1616.46,1867.74,1
09:25:00,15:15:00,move_005,150,0.35,0.5,3581.95,24,62.5,-1616.46,1867.74,1
09:25:00,15:15:00,move_005,150,0.35,,3581.95,24,62.5,-1616.46,1867.74,1
09:25:00,15:15:00,move_020,150,0.35,,3581.95,24,62.5,-1616.46,1867.74,1
09:25:00,15:15:00,move_020,150,0.35,0.5,3581.95,24,62.5,-1616.46,1867.74,1
09:35:00,15:15:00,vwap_010,0,0.35,0.5,3423.29,24,66.7,-1188.35,2920.01,0
09:35:00,15:15:00,vwap_010,0,0.35,0.75,3423.29,24,66.7,-1188.35,2920.01,0
09:35:00,15:15:00,vwap_010,0,0.35,,3423.29,24,66.7,-1188.35,2920.01,0
09:45:00,15:00:00,vwap_010,50,0.35,0.75,3387.19,24,45.8,-1487.97,5273.89,1
09:35:00,15:15:00,vwap_010,100,0.15,,3386.2,24,58.3,-1874.95,2920.01,9
09:35:00,15:15:00,vwap_010,100,0.15,0.5,3386.2,24,58.3,-1874.95,2920.01,9
09:35:00,15:15:00,vwap_010,100,0.15,0.75,3386.2,24,58.3,-1874.95,2920.01,9
09:45:00,15:15:00,vwap_010,0,0.25,,3372.12,24,58.3,-1900.32,3627.93,4
09:45:00,15:15:00,vwap_010,0,0.25,0.5,3372.12,24,58.3,-1900.32,3627.93,4
09:25:00,15:00:00,vwap_010,150,0.25,0.5,3204.51,24,50.0,-2761.07,3177.23,3
09:25:00,15:00:00,vwap_010,150,0.25,,3204.51,24,50.0,-2761.07,3177.23,3
09:25:00,15:00:00,vwap_010,150,0.15,0.75,3191.35,24,50.0,-2113.97,3177.23,8
09:45:00,15:15:00,vwap_010,0,0.25,0.75,3173.75,24,58.3,-1900.32,3429.56,4
09:25:00,15:15:00,move_020,50,0.35,0.5,3166.06,24,58.3,-1823.67,1440.53,1
09:25:00,15:15:00,move_005,50,0.35,0.5,3166.06,24,58.3,-1823.67,1440.53,1
09:25:00,15:15:00,move_020,50,0.35,,3166.06,24,58.3,-1823.67,1440.53,1
09:25:00,15:15:00,move_010,50,0.35,,3166.06,24,58.3,-1823.67,1440.53,1
09:25:00,15:15:00,move_005,50,0.35,,3166.06,24,58.3,-1823.67,1440.53,1
09:25:00,15:15:00,none,50,0.35,,3166.06,24,58.3,-1823.67,1440.53,1
09:25:00,15:15:00,none,50,0.35,0.5,3166.06,24,58.3,-1823.67,1440.53,1
09:25:00,15:15:00,move_010,50,0.35,0.5,3166.06,24,58.3,-1823.67,1440.53,1
09:45:00,15:15:00,move_010,100,0.25,0.75,3120.89,24,62.5,-2769.49,5118.24,5
09:45:00,15:15:00,move_005,100,0.25,0.75,3120.89,24,62.5,-2769.49,5118.24,5
09:45:00,15:15:00,move_020,100,0.25,0.75,3120.89,24,62.5,-2769.49,5118.24,5
09:45:00,15:15:00,none,100,0.25,0.75,3120.89,24,62.5,-2769.49,5118.24,5
09:25:00,15:15:00,move_010,150,0.25,,3047.09,24,54.2,-1616.46,1867.74,3
09:25:00,15:15:00,move_020,150,0.25,,3047.09,24,54.2,-1616.46,1867.74,3
09:25:00,15:15:00,move_020,150,0.25,0.5,3047.09,24,54.2,-1616.46,1867.74,3
09:25:00,15:15:00,move_005,150,0.25,,3047.09,24,54.2,-1616.46,1867.74,3
09:25:00,15:15:00,move_010,150,0.25,0.5,3047.09,24,54.2,-1616.46,1867.74,3
09:25:00,15:15:00,none,150,0.25,,3047.09,24,54.2,-1616.46,1867.74,3
09:25:00,15:15:00,none,150,0.25,0.5,3047.09,24,54.2,-1616.46,1867.74,3
09:25:00,15:15:00,move_005,150,0.25,0.5,3047.09,24,54.2,-1616.46,1867.74,3
09:25:00,15:00:00,vwap_010,100,0.25,0.5,2855.97,24,58.3,-1405.12,3177.23,4
09:25:00,15:00:00,vwap_010,100,0.25,,2855.97,24,58.3,-1405.12,3177.23,4
09:45:00,15:15:00,vwap_010,100,0.25,,2780.89,24,62.5,-1679.3,3627.93,5
09:45:00,15:15:00,vwap_010,100,0.25,0.5,2780.89,24,62.5,-1679.3,3627.93,5
09:25:00,15:00:00,vwap_010,50,0.15,0.75,2740.3,24,54.2,-1670.45,3177.23,8
09:45:00,15:15:00,vwap_010,150,0.35,,2730.91,24,54.2,-1063.63,3627.93,2
09:45:00,15:15:00,vwap_010,150,0.35,0.5,2730.91,24,54.2,-1063.63,3627.93,2
09:25:00,15:00:00,vwap_010,50,0.35,,2683.58,24,58.3,-1711.57,3177.23,1
09:25:00,15:00:00,vwap_010,50,0.35,0.5,2683.58,24,58.3,-1711.57,3177.23,1
09:45:00,15:15:00,move_010,150,0.35,0.75,2636.49,24,54.2,-2784.27,4703.55,2
09:45:00,15:15:00,move_020,150,0.35,0.75,2636.49,24,54.2,-2784.27,4703.55,2
09:45:00,15:15:00,move_005,150,0.35,0.75,2636.49,24,54.2,-2784.27,4703.55,2
09:45:00,15:15:00,none,150,0.35,0.75,2636.49,24,54.2,-2784.27,4703.55,2
09:45:00,15:15:00,none,100,0.15,0.75,2356.37,24,58.3,-1648.03,2140.32,9
09:45:00,15:15:00,move_020,100,0.15,0.75,2356.37,24,58.3,-1648.03,2140.32,9
09:45:00,15:15:00,move_010,100,0.15,0.75,2356.37,24,58.3,-1648.03,2140.32,9
09:45:00,15:15:00,move_005,100,0.15,0.75,2356.37,24,58.3,-1648.03,2140.32,9
09:45:00,15:00:00,move_005,100,0.35,0.75,2343.25,24,62.5,-2734.06,4869.86,0
09:45:00,15:00:00,move_010,100,0.35,0.75,2343.25,24,62.5,-2734.06,4869.86,0
09:45:00,15:00:00,move_020,100,0.35,0.75,2343.25,24,62.5,-2734.06,4869.86,0
09:45:00,15:00:00,none,100,0.35,0.75,2343.25,24,62.5,-2734.06,4869.86,0
09:25:00,15:15:00,none,50,0.25,,2330.51,24,50.0,-1823.67,1440.53,3
09:25:00,15:15:00,move_010,50,0.25,0.5,2330.51,24,50.0,-1823.67,1440.53,3
09:25:00,15:15:00,move_020,50,0.25,,2330.51,24,50.0,-1823.67,1440.53,3
09:25:00,15:15:00,move_005,50,0.25,0.5,2330.51,24,50.0,-1823.67,1440.53,3
09:25:00,15:15:00,move_005,50,0.25,,2330.51,24,50.0,-1823.67,1440.53,3
09:25:00,15:15:00,move_020,50,0.25,0.5,2330.51,24,50.0,-1823.67,1440.53,3
09:25:00,15:15:00,move_010,50,0.25,,2330.51,24,50.0,-1823.67,1440.53,3
09:25:00,15:15:00,none,50,0.25,0.5,2330.51,24,50.0,-1823.67,1440.53,3
09:25:00,15:00:00,move_010,100,0.15,0.75,2101.13,24,58.3,-1420.89,1094.01,9
09:25:00,15:00:00,none,100,0.15,0.75,2101.13,24,58.3,-1420.89,1094.01,9
09:25:00,15:00:00,move_005,100,0.15,0.75,2101.13,24,58.3,-1420.89,1094.01,9
09:25:00,15:00:00,move_020,100,0.15,0.75,2101.13,24,58.3,-1420.89,1094.01,9
09:25:00,15:15:00,move_005,150,0.15,0.75,2061.46,24,54.2,-1413.1,1867.74,9
09:25:00,15:15:00,none,150,0.15,0.75,2061.46,24,54.2,-1413.1,1867.74,9
09:25:00,15:15:00,move_020,150,0.15,0.75,2061.46,24,54.2,-1413.1,1867.74,9
09:25:00,15:15:00,move_010,150,0.15,0.75,2061.46,24,54.2,-1413.1,1867.74,9
09:45:00,15:15:00,none,150,0.15,0.75,1947.31,24,50.0,-1440.26,1952.26,9
09:45:00,15:15:00,move_020,150,0.15,0.75,1947.31,24,50.0,-1440.26,1952.26,9
09:45:00,15:15:00,move_010,150,0.15,0.75,1947.31,24,50.0,-1440.26,1952.26,9
09:45:00,15:15:00,move_005,150,0.15,0.75,1947.31,24,50.0,-1440.26,1952.26,9
09:25:00,15:00:00,vwap_010,50,0.25,0.5,1899.22,24,50.0,-1711.57,3177.23,3
09:25:00,15:00:00,vwap_010,50,0.25,,1899.22,24,50.0,-1711.57,3177.23,3
09:25:00,15:15:00,none,50,0.15,0.75,1832.07,24,50.0,-1327.29,1440.53,9
09:25:00,15:15:00,move_010,50,0.15,0.75,1832.07,24,50.0,-1327.29,1440.53,9
09:25:00,15:15:00,move_020,50,0.15,0.75,1832.07,24,50.0,-1327.29,1440.53,9
09:25:00,15:15:00,move_005,50,0.15,0.75,1832.07,24,50.0,-1327.29,1440.53,9
09:35:00,15:15:00,none,100,0.35,,1819.94,24,62.5,-1770.17,1287.76,1
09:35:00,15:15:00,none,100,0.35,0.75,1819.94,24,62.5,-1770.17,1287.76,1
09:35:00,15:15:00,none,100,0.35,0.5,1819.94,24,62.5,-1770.17,1287.76,1
09:35:00,15:15:00,move_005,100,0.35,0.5,1819.94,24,62.5,-1770.17,1287.76,1
09:35:00,15:15:00,move_020,100,0.35,0.5,1819.94,24,62.5,-1770.17,1287.76,1
09:35:00,15:15:00,move_010,100,0.35,,1819.94,24,62.5,-1770.17,1287.76,1
09:35:00,15:15:00,move_010,100,0.35,0.75,1819.94,24,62.5,-1770.17,1287.76,1
09:35:00,15:15:00,move_010,100,0.35,0.5,1819.94,24,62.5,-1770.17,1287.76,1
09:35:00,15:15:00,move_005,100,0.35,,1819.94,24,62.5,-1770.17,1287.76,1
09:35:00,15:15:00,move_020,100,0.35,,1819.94,24,62.5,-1770.17,1287.76,1
09:35:00,15:15:00,move_020,100,0.35,0.75,1819.94,24,62.5,-1770.17,1287.76,1
09:35:00,15:15:00,move_005,100,0.35,0.75,1819.94,24,62.5,-1770.17,1287.76,1
09:45:00,15:00:00,vwap_010,150,0.15,0.75,1770.13,24,41.7,-1744.2,3429.56,8
09:45:00,15:00:00,vwap_010,100,0.35,0.5,1742.68,24,58.3,-2734.06,3452.33,0
09:45:00,15:00:00,vwap_010,100,0.35,,1742.68,24,58.3,-2734.06,3452.33,0
09:25:00,15:15:00,vwap_010,150,0.15,0.5,1605.63,24,58.3,-4660.31,3356.08,8
09:25:00,15:15:00,vwap_010,150,0.15,,1605.63,24,58.3,-4660.31,3356.08,8
09:25:00,15:00:00,vwap_010,0,0.35,0.5,1522.08,24,66.7,-2141.06,3177.23,1
09:25:00,15:00:00,vwap_010,0,0.35,0.75,1522.08,24,66.7,-2141.06,3177.23,1
09:25:00,15:00:00,vwap_010,0,0.35,,1522.08,24,66.7,-2141.06,3177.23,1
09:35:00,15:00:00,vwap_010,100,0.35,0.5,1485.76,24,58.3,-1520.38,2741.15,1
09:35:00,15:00:00,vwap_010,100,0.35,0.75,1485.76,24,58.3,-1520.38,2741.15,1
09:35:00,15:00:00,vwap_010,100,0.35,,1485.76,24,58.3,-1520.38,2741.15,1
09:25:00,15:15:00,none,100,0.25,0.5,1461.99,24,62.5,-1852.01,991.22,4
09:25:00,15:15:00,none,100,0.25,,1461.99,24,62.5,-1852.01,991.22,4
09:25:00,15:15:00,move_010,100,0.25,0.5,1461.99,24,62.5,-1852.01,991.22,4
09:25:00,15:15:00,move_010,100,0.25,,1461.99,24,62.5,-1852.01,991.22,4
09:25:00,15:15:00,move_005,100,0.25,,1461.99,24,62.5,-1852.01,991.22,4
09:25:00,15:15:00,move_005,100,0.25,0.5,1461.99,24,62.5,-1852.01,991.22,4
09:25:00,15:15:00,move_020,100,0.25,0.5,1461.99,24,62.5,-1852.01,991.22,4
09:25:00,15:15:00,move_020,100,0.25,,1461.99,24,62.5,-1852.01,991.22,4
09:35:00,15:15:00,move_010,150,0.35,,1369.38,24,54.2,-1505.5,1646.81,1
09:35:00,15:15:00,none,150,0.35,0.5,1369.38,24,54.2,-1505.5,1646.81,1
09:35:00,15:15:00,move_010,150,0.35,0.5,1369.38,24,54.2,-1505.5,1646.81,1
09:35:00,15:15:00,move_005,150,0.35,,1369.38,24,54.2,-1505.5,1646.81,1
09:35:00,15:15:00,move_020,150,0.35,0.75,1369.38,24,54.2,-1505.5,1646.81,1
09:35:00,15:15:00,move_010,150,0.35,0.75,1369.38,24,54.2,-1505.5,1646.81,1
09:35:00,15:15:00,move_020,150,0.35,,1369.38,24,54.2,-1505.5,1646.81,1
09:35:00,15:15:00,move_005,150,0.35,0.5,1369.38,24,54.2,-1505.5,1646.81,1
09:35:00,15:15:00,move_005,150,0.35,0.75,1369.38,24,54.2,-1505.5,1646.81,1
09:35:00,15:15:00,none,150,0.35,0.75,1369.38,24,54.2,-1505.5,1646.81,1
09:35:00,15:15:00,none,150,0.35,,1369.38,24,54.2,-1505.5,1646.81,1
09:35:00,15:15:00,move_020,150,0.35,0.5,1369.38,24,54.2,-1505.5,1646.81,1
09:35:00,15:15:00,move_020,50,0.35,0.75,1325.72,24,58.3,-1639.55,1647.26,1
09:35:00,15:15:00,move_005,50,0.35,0.75,1325.72,24,58.3,-1639.55,1647.26,1
09:35:00,15:15:00,move_010,50,0.35,,1325.72,24,58.3,-1639.55,1647.26,1
09:35:00,15:15:00,none,50,0.35,,1325.72,24,58.3,-1639.55,1647.26,1
09:35:00,15:15:00,none,50,0.35,0.5,1325.72,24,58.3,-1639.55,1647.26,1
09:35:00,15:15:00,none,50,0.35,0.75,1325.72,24,58.3,-1639.55,1647.26,1
09:35:00,15:15:00,move_020,50,0.35,,1325.72,24,58.3,-1639.55,1647.26,1
09:35:00,15:15:00,move_020,50,0.35,0.5,1325.72,24,58.3,-1639.55,1647.26,1
09:35:00,15:15:00,move_010,50,0.35,0.75,1325.72,24,58.3,-1639.55,1647.26,1
09:35:00,15:15:00,move_005,50,0.35,,1325.72,24,58.3,-1639.55,1647.26,1
09:35:00,15:15:00,move_005,50,0.35,0.5,1325.72,24,58.3,-1639.55,1647.26,1
09:35:00,15:15:00,move_010,50,0.35,0.5,1325.72,24,58.3,-1639.55,1647.26,1
09:35:00,15:15:00,vwap_010,0,0.15,0.75,1318.6,24,58.3,-2184.5,2920.01,8
09:35:00,15:15:00,vwap_010,0,0.15,,1318.6,24,58.3,-2184.5,2920.01,8
09:35:00,15:15:00,vwap_010,0,0.15,0.5,1318.6,24,58.3,-2184.5,2920.01,8
09:45:00,15:00:00,move_005,100,0.25,0.75,1241.02,24,62.5,-2734.06,4869.86,4
09:45:00,15:00:00,move_010,100,0.25,0.75,1241.02,24,62.5,-2734.06,4869.86,4
09:45:00,15:00:00,move_020,100,0.25,0.75,1241.02,24,62.5,-2734.06,4869.86,4
09:45:00,15:00:00,none,100,0.25,0.75,1241.02,24,62.5,-2734.06,4869.86,4
09:45:00,15:00:00,vwap_010,150,0.25,0.75,1159.04,24,41.7,-2995.31,4494.38,6
09:45:00,15:15:00,vwap_010,100,0.15,0.5,1124.17,24,62.5,-5244.53,3627.93,8
09:45:00,15:15:00,vwap_010,100,0.15,,1124.17,24,62.5,-5244.53,3627.93,8
09:35:00,15:00:00,vwap_010,100,0.25,0.75,1118.18,24,58.3,-1520.38,2741.15,3
09:35:00,15:00:00,vwap_010,100,0.25,0.5,1118.18,24,58.3,-1520.38,2741.15,3
09:35:00,15:00:00,vwap_010,100,0.25,,1118.18,24,58.3,-1520.38,2741.15,3
09:25:00,15:00:00,vwap_010,100,0.15,,1021.95,24,62.5,-4995.48,3177.23,8
09:25:00,15:00:00,vwap_010,100,0.15,0.5,1021.95,24,62.5,-4995.48,3177.23,8
09:35:00,15:15:00,vwap_010,0,0.25,0.75,965.63,24,58.3,-1188.35,2920.01,4
09:35:00,15:15:00,vwap_010,0,0.25,,965.63,24,58.3,-1188.35,2920.01,4
09:35:00,15:15:00,vwap_010,0,0.25,0.5,965.63,24,58.3,-1188.35,2920.01,4
09:45:00,15:00:00,move_005,100,0.15,0.75,940.46,24,58.3,-2073.89,2287.82,9
09:45:00,15:00:00,move_010,100,0.15,0.75,940.46,24,58.3,-2073.89,2287.82,9
09:45:00,15:00:00,none,100,0.15,0.75,940.46,24,58.3,-2073.89,2287.82,9
09:45:00,15:00:00,move_020,100,0.15,0.75,940.46,24,58.3,-2073.89,2287.82,9
09:25:00,15:00:00,move_020,100,0.35,,930.83,24,66.7,-1432.29,1066.7,1
09:25:00,15:00:00,move_010,100,0.35,,930.83,24,66.7,-1432.29,1066.7,1
09:25:00,15:00:00,move_010,100,0.35,0.5,930.83,24,66.7,-1432.29,1066.7,1
09:25:00,15:00:00,none,100,0.35,,930.83,24,66.7,-1432.29,1066.7,1
09:25:00,15:00:00,move_020,100,0.35,0.5,930.83,24,66.7,-1432.29,1066.7,1
09:25:00,15:00:00,move_005,100,0.35,,930.83,24,66.7,-1432.29,1066.7,1
09:25:00,15:00:00,move_005,100,0.35,0.5,930.83,24,66.7,-1432.29,1066.7,1
09:25:00,15:00:00,none,100,0.35,0.5,930.83,24,66.7,-1432.29,1066.7,1
09:45:00,15:00:00,vwap_010,0,0.35,0.5,915.23,24,41.7,-1334.7,3452.33,0
09:45:00,15:00:00,vwap_010,0,0.35,,915.23,24,41.7,-1334.7,3452.33,0
09:45:00,15:00:00,vwap_010,0,0.35,0.75,892.46,24,41.7,-1334.7,3429.56,0
09:35:00,15:00:00,vwap_010,100,0.15,0.5,823.65,24,54.2,-1913.97,2741.15,9
09:35:00,15:00:00,vwap_010,100,0.15,0.75,823.65,24,54.2,-1913.97,2741.15,9
09:35:00,15:00:00,vwap_010,100,0.15,,823.65,24,54.2,-1913.97,2741.15,9
09:25:00,15:00:00,vwap_010,0,0.25,0.5,809.61,24,58.3,-2141.06,3177.23,3
09:25:00,15:00:00,vwap_010,0,0.25,,809.61,24,58.3,-2141.06,3177.23,3
09:25:00,15:00:00,vwap_010,0,0.25,0.75,809.61,24,58.3,-2141.06,3177.23,3
09:35:00,15:15:00,move_020,100,0.25,,667.42,24,58.3,-1770.17,1287.76,4
09:35:00,15:15:00,move_005,100,0.25,0.75,667.42,24,58.3,-1770.17,1287.76,4
09:35:00,15:15:00,move_005,100,0.25,0.5,667.42,24,58.3,-1770.17,1287.76,4
09:35:00,15:15:00,move_020,100,0.25,0.75,667.42,24,58.3,-1770.17,1287.76,4
09:35:00,15:15:00,move_020,100,0.25,0.5,667.42,24,58.3,-1770.17,1287.76,4
09:35:00,15:15:00,move_010,100,0.25,,667.42,24,58.3,-1770.17,1287.76,4
09:35:00,15:15:00,none,100,0.25,0.5,667.42,24,58.3,-1770.17,1287.76,4
09:35:00,15:15:00,none,100,0.25,0.75,667.42,24,58.3,-1770.17,1287.76,4
09:35:00,15:15:00,move_010,100,0.25,0.5,667.42,24,58.3,-1770.17,1287.76,4
09:35:00,15:15:00,none,100,0.25,,667.42,24,58.3,-1770.17,1287.76,4
09:35:00,15:15:00,move_010,100,0.25,0.75,667.42,24,58.3,-1770.17,1287.76,4
09:35:00,15:15:00,move_005,100,0.25,,667.42,24,58.3,-1770.17,1287.76,4
09:45:00,15:00:00,move_005,50,0.25,0.75,639.25,24,45.8,-2077.02,5273.89,3
09:45:00,15:00:00,move_010,50,0.25,0.75,639.25,24,45.8,-2077.02,5273.89,3
09:45:00,15:00:00,move_020,50,0.25,0.75,639.25,24,45.8,-2077.02,5273.89,3
09:45:00,15:00:00,none,50,0.25,0.75,639.25,24,45.8,-2077.02,5273.89,3
09:45:00,15:15:00,move_010,50,0.15,0.75,588.07,24,41.7,-2348.25,2211.91,9
09:45:00,15:15:00,move_005,50,0.15,0.75,588.07,24,41.7,-2348.25,2211.91,9
09:45:00,15:15:00,none,50,0.15,0.75,588.07,24,41.7,-2348.25,2211.91,9
09:45:00,15:15:00,move_020,50,0.15,0.75,588.07,24,41.7,-2348.25,2211.91,9
09:25:00,15:15:00,vwap_010,50,0.15,,482.9,24,54.2,-5438.68,3356.08,8
09:25:00,15:15:00,vwap_010,50,0.15,0.5,482.9,24,54.2,-5438.68,3356.08,8
09:25:00,15:15:00,move_010,0,0.35,,461.92,24,58.3,-1979.36,1063.95,1
09:25:00,15:15:00,none,0,0.35,0.75,461.92,24,58.3,-1979.36,1063.95,1
09:25:00,15:15:00,move_010,0,0.35,0.5,461.92,24,58.3,-1979.36,1063.95,1
09:25:00,15:15:00,move_010,0,0.35,0.75,461.92,24,58.3,-1979.36,1063.95,1
09:25:00,15:15:00,none,0,0.35,0.5,461.92,24,58.3,-1979.36,1063.95,1
09:25:00,15:15:00,move_005,0,0.35,,461.92,24,58.3,-1979.36,1063.95,1
09:25:00,15:15:00,none,0,0.35,,461.92,24,58.3,-1979.36,1063.95,1
09:25:00,15:15:00,move_020,0,0.35,0.75,461.92,24,58.3,-1979.36,1063.95,1
09:25:00,15:15:00,move_020,0,0.35,0.5,461.92,24,58.3,-1979.36,1063.95,1
09:25:00,15:15:00,move_020,0,0.35,,461.92,24,58.3,-1979.36,1063.95,1
09:25:00,15:15:00,move_005,0,0.35,0.5,461.92,24,58.3,-1979.36,1063.95,1
09:25:00,15:15:00,move_005,0,0.35,0.75,461.92,24,58.3,-1979.36,1063.95,1
09:35:00,15:00:00,vwap_010,50,0.15,0.5,376.77,24,50.0,-1507.34,2741.15,8
09:35:00,15:00:00,vwap_010,50,0.15,,376.77,24,50.0,-1507.34,2741.15,8
09:35:00,15:00:00,vwap_010,50,0.15,0.75,376.77,24,50.0,-1507.34,2741.15,8
09:35:00,15:15:00,move_010,150,0.25,0.75,183.62,24,50.0,-1505.5,1646.81,4
09:35:00,15:15:00,move_005,150,0.25,0.75,183.62,24,50.0,-1505.5,1646.81,4
09:35:00,15:15:00,move_010,150,0.25,0.5,183.62,24,50.0,-1505.5,1646.81,4
09:35:00,15:15:00,none,150,0.25,,183.62,24,50.0,-1505.5,1646.81,4
09:35:00,15:15:00,move_005,150,0.25,0.5,183.62,24,50.0,-1505.5,1646.81,4
09:35:00,15:15:00,none,150,0.25,0.5,183.62,24,50.0,-1505.5,1646.81,4
09:35:00,15:15:00,none,150,0.25,0.75,183.62,24,50.0,-1505.5,1646.81,4
09:35:00,15:15:00,move_005,150,0.25,,183.62,24,50.0,-1505.5,1646.81,4
09:35:00,15:15:00,move_020,150,0.25,,183.62,24,50.0,-1505.5,1646.81,4
09:35:00,15:15:00,move_020,150,0.25,0.5,183.62,24,50.0,-1505.5,1646.81,4
09:35:00,15:15:00,move_020,150,0.25,0.75,183.62,24,50.0,-1505.5,1646.81,4
09:35:00,15:15:00,move_010,150,0.25,,183.62,24,50.0,-1505.5,1646.81,4
09:45:00,15:15:00,vwap_010,150,0.15,,121.59,24,54.2,-4777.72,3627.93,8
09:45:00,15:15:00,vwap_010,150,0.15,0.5,121.59,24,54.2,-4777.72,3627.93,8
09:45:00,15:00:00,move_020,150,0.35,0.75,100.48,24,41.7,-2062.0,4494.38,2
09:45:00,15:00:00,none,150,0.35,0.75,100.48,24,41.7,-2062.0,4494.38,2
09:45:00,15:00:00,move_010,150,0.35,0.75,100.48,24,41.7,-2062.0,4494.38,2
09:45:00,15:00:00,move_005,150,0.35,0.75,100.48,24,41.7,-2062.0,4494.38,2
09:45:00,15:15:00,move_005,100,0.35,0.5,27.39,24,62.5,-2597.26,2029.75,1
09:45:00,15:15:00,move_020,100,0.35,,27.39,24,62.5,-2597.26,2029.75,1
09:45:00,15:15:00,move_010,100,0.35,0.5,27.39,24,62.5,-2597.26,2029.75,1
09:45:00,15:15:00,move_005,100,0.35,,27.39,24,62.5,-2597.26,2029.75,1
09:45:00,15:15:00,none,100,0.35,0.5,27.39,24,62.5,-2597.26,2029.75,1
09:45:00,15:15:00,move_010,100,0.35,,27.39,24,62.5,-2597.26,2029.75,1
09:45:00,15:15:00,none,100,0.35,,27.39,24,62.5,-2597.26,2029.75,1
09:45:00,15:15:00,move_020,100,0.35,0.5,27.39,24,62.5,-2597.26,2029.75,1
09:35:00,15:00:00,vwap_010,150,0.35,0.75,-21.82,24,50.0,-2318.53,2741.15,1
09:35:00,15:00:00,vwap_010,150,0.35,0.5,-21.82,24,50.0,-2318.53,2741.15,1
09:35:00,15:00:00,vwap_010,150,0.35,,-21.82,24,50.0,-2318.53,2741.15,1
09:25:00,15:00:00,move_020,50,0.15,0.75,-55.37,24,50.0,-1670.45,1787.56,9
09:25:00,15:00:00,move_005,50,0.15,0.75,-55.37,24,50.0,-1670.45,1787.56,9
09:25:00,15:00:00,move_010,50,0.15,0.75,-55.37,24,50.0,-1670.45,1787.56,9
09:25:00,15:00:00,none,50,0.15,0.75,-55.37,24,50.0,-1670.45,1787.56,9
09:35:00,15:15:00,move_005,50,0.25,0.5,-98.09,24,54.2,-1639.55,1647.26,4
09:35:00,15:15:00,move_005,50,0.25,,-98.09,24,54.2,-1639.55,1647.26,4
09:35:00,15:15:00,move_020,50,0.25,0.75,-98.09,24,54.2,-1639.55,1647.26,4
09:35:00,15:15:00,move_010,50,0.25,0.5,-98.09,24,54.2,-1639.55,1647.26,4
09:35:00,15:15:00,move_010,50,0.25,,-98.09,24,54.2,-1639.55,1647.26,4
09:35:00,15:15:00,move_005,50,0.25,0.75,-98.09,24,54.2,-1639.55,1647.26,4
09:35:00,15:15:00,move_020,50,0.25,0.5,-98.09,24,54.2,-1639.55,1647.26,4
09:35:00,15:15:00,move_020,50,0.25,,-98.09,24,54.2,-1639.55,1647.26,4
09:35:00,15:15:00,none,50,0.25,0.75,-98.09,24,54.2,-1639.55,1647.26,4
09:35:00,15:15:00,none,50,0.25,0.5,-98.09,24,54.2,-1639.55,1647.26,4
09:35:00,15:15:00,none,50,0.25,,-98.09,24,54.2,-1639.55,1647.26,4
09:35:00,15:15:00,move_010,50,0.25,0.75,-98.09,24,54.2,-1639.55,1647.26,4
09:45:00,15:15:00,move_005,0,0.35,,-259.31,24,50.0,-2402.17,1780.81,1
09:45:00,15:15:00,none,0,0.35,0.5,-259.31,24,50.0,-2402.17,1780.81,1
09:45:00,15:15:00,move_010,0,0.35,,-259.31,24,50.0,-2402.17,1780.81,1
09:45:00,15:15:00,move_010,0,0.35,0.5,-259.31,24,50.0,-2402.17,1780.81,1
09:45:00,15:15:00,move_020,0,0.35,,-259.31,24,50.0,-2402.17,1780.81,1
09:45:00,15:15:00,move_020,0,0.35,0.5,-259.31,24,50.0,-2402.17,1780.81,1
09:45:00,15:15:00,none,0,0.35,,-259.31,24,50.0,-2402.17,1780.81,1
09:45:00,15:15:00,move_005,0,0.35,0.5,-259.31,24,50.0,-2402.17,1780.81,1
09:25:00,15:00:00,none,150,0.35,0.5,-264.54,24,54.2,-2761.07,1629.16,1
09:25:00,15:00:00,move_020,150,0.35,0.5,-264.54,24,54.2,-2761.07,1629.16,1
09:25:00,15:00:00,move_020,150,0.35,,-264.54,24,54.2,-2761.07,1629.16,1
09:25:00,15:00:00,move_010,150,0.35,,-264.54,24,54.2,-2761.07,1629.16,1
09:25:00,15:00:00,move_005,150,0.35,,-264.54,24,54.2,-2761.07,1629.16,1
09:25:00,15:00:00,move_005,150,0.35,0.5,-264.54,24,54.2,-2761.07,1629.16,1
09:25:00,15:00:00,none,150,0.35,,-264.54,24,54.2,-2761.07,1629.16,1
09:25:00,15:00:00,move_010,150,0.35,0.5,-264.54,24,54.2,-2761.07,1629.16,1
09:45:00,15:00:00,vwap_010,50,0.15,0.75,-338.07,24,33.3,-2292.69,3429.56,8
09:25:00,15:15:00,none,100,0.15,0.5,-363.48,24,62.5,-4995.48,1218.2,9
09:25:00,15:15:00,move_010,100,0.15,,-363.48,24,62.5,-4995.48,1218.2,9
09:25:00,15:15:00,move_005,100,0.15,0.5,-363.48,24,62.5,-4995.48,1218.2,9
09:25:00,15:15:00,move_010,100,0.15,0.5,-363.48,24,62.5,-4995.48,1218.2,9
09:25:00,15:15:00,move_020,100,0.15,,-363.48,24,62.5,-4995.48,1218.2,9
09:25:00,15:15:00,none,100,0.15,,-363.48,24,62.5,-4995.48,1218.2,9
09:25:00,15:15:00,move_005,100,0.15,,-363.48,24,62.5,-4995.48,1218.2,9
09:25:00,15:15:00,move_020,100,0.15,0.5,-363.48,24,62.5,-4995.48,1218.2,9
09:25:00,15:15:00,move_020,0,0.25,0.75,-387.8,24,50.0,-1979.36,805.37,3
09:25:00,15:15:00,move_005,0,0.25,,-387.8,24,50.0,-1979.36,805.37,3
09:25:00,15:15:00,move_005,0,0.25,0.75,-387.8,24,50.0,-1979.36,805.37,3
09:25:00,15:15:00,none,0,0.25,0.75,-387.8,24,50.0,-1979.36,805.37,3
09:25:00,15:15:00,move_005,0,0.25,0.5,-387.8,24,50.0,-1979.36,805.37,3
09:25:00,15:15:00,move_010,0,0.25,0.5,-387.8,24,50.0,-1979.36,805.37,3
09:25:00,15:15:00,move_010,0,0.25,,-387.8,24,50.0,-1979.36,805.37,3
09:25:00,15:15:00,none,0,0.25,0.5,-387.8,24,50.0,-1979.36,805.37,3
09:25:00,15:15:00,none,0,0.25,,-387.8,24,50.0,-1979.36,805.37,3
09:25:00,15:15:00,move_020,0,0.25,0.5,-387.8,24,50.0,-1979.36,805.37,3
09:25:00,15:15:00,move_020,0,0.25,,-387.8,24,50.0,-1979.36,805.37,3
09:25:00,15:15:00,move_010,0,0.25,0.75,-387.8,24,50.0,-1979.36,805.37,3
09:45:00,15:00:00,vwap_010,100,0.25,,-454.39,24,58.3,-2734.06,3452.33,5
09:45:00,15:00:00,vwap_010,100,0.25,0.5,-454.39,24,58.3,-2734.06,3452.33,5
09:45:00,15:15:00,move_020,0,0.35,0.75,-457.68,24,50.0,-2600.54,1780.81,1
09:45:00,15:15:00,none,0,0.35,0.75,-457.68,24,50.0,-2600.54,1780.81,1
09:45:00,15:15:00,move_005,0,0.35,0.75,-457.68,24,50.0,-2600.54,1780.81,1
09:45:00,15:15:00,move_010,0,0.35,0.75,-457.68,24,50.0,-2600.54,1780.81,1
09:45:00,15:00:00,vwap_010,150,0.35,0.5,-484.9,24,37.5,-1436.4,3452.33,2
09:45:00,15:00:00,vwap_010,150,0.35,,-484.9,24,37.5,-1436.4,3452.33,2
09:25:00,15:00:00,none,150,0.15,0.75,-554.51,24,45.8,-2113.97,1629.16,9
09:25:00,15:00:00,move_020,150,0.15,0.75,-554.51,24,45.8,-2113.97,1629.16,9
09:25:00,15:00:00,move_005,150,0.15,0.75,-554.51,24,45.8,-2113.97,1629.16,9
09:25:00,15:00:00,move_010,150,0.15,0.75,-554.51,24,45.8,-2113.97,1629.16,9
09:45:00,15:00:00,vwap_010,0,0.25,,-561.98,24,41.7,-1769.59,3452.33,4
09:45:00,15:00:00,vwap_010,0,0.25,0.5,-561.98,24,41.7,-1769.59,3452.33,4
09:35:00,15:00:00,vwap_010,150,0.25,,-583.57,24,50.0,-2318.53,2741.15,3
09:35:00,15:00:00,vwap_010,150,0.25,0.75,-583.57,24,50.0,-2318.53,2741.15,3
09:35:00,15:00:00,vwap_010,150,0.25,0.5,-583.57,24,50.0,-2318.53,2741.15,3
09:45:00,15:00:00,vwap_010,0,0.25,0.75,-584.75,24,41.7,-1769.59,3429.56,4
09:45:00,15:15:00,move_020,50,0.25,,-656.18,24,50.0,-2712.18,1320.94,4
09:45:00,15:15:00,move_005,50,0.25,0.5,-656.18,24,50.0,-2712.18,1320.94,4
09:45:00,15:15:00,move_005,50,0.25,,-656.18,24,50.0,-2712.18,1320.94,4
09:45:00,15:15:00,move_020,50,0.25,0.5,-656.18,24,50.0,-2712.18,1320.94,4
09:45:00,15:15:00,none,50,0.25,,-656.18,24,50.0,-2712.18,1320.94,4
09:45:00,15:15:00,move_010,50,0.25,0.5,-656.18,24,50.0,-2712.18,1320.94,4
09:45:00,15:15:00,move_010,50,0.25,,-656.18,24,50.0,-2712.18,1320.94,4
09:45:00,15:15:00,none,50,0.25,0.5,-656.18,24,50.0,-2712.18,1320.94,4
09:45:00,15:00:00,move_010,50,0.35,0.75,-687.63,24,45.8,-2077.02,5273.89,1
09:45:00,15:00:00,none,50,0.35,0.75,-687.63,24,45.8,-2077.02,5273.89,1
09:45:00,15:00:00,move_005,50,0.35,0.75,-687.63,24,45.8,-2077.02,5273.89,1
09:45:00,15:00:00,move_020,50,0.35,0.75,-687.63,24,45.8,-2077.02,5273.89,1
09:25:00,15:00:00,move_010,50,0.35,,-693.82,24,54.2,-1711.57,1787.56,1
09:25:00,15:00:00,move_020,50,0.35,,-693.82,24,54.2,-1711.57,1787.56,1
09:25:00,15:00:00,move_020,50,0.35,0.5,-693.82,24,54.2,-1711.57,1787.56,1
09:25:00,15:00:00,none,50,0.35,,-693.82,24,54.2,-1711.57,1787.56,1
09:25:00,15:00:00,move_005,50,0.35,,-693.82,24,54.2,-1711.57,1787.56,1
09:25:00,15:00:00,move_010,50,0.35,0.5,-693.82,24,54.2,-1711.57,1787.56,1
09:25:00,15:00:00,none,50,0.35,0.5,-693.82,24,54.2,-1711.57,1787.56,1
09:25:00,15:00:00,move_005,50,0.35,0.5,-693.82,24,54.2,-1711.57,1787.56,1
09:45:00,15:00:00,move_010,150,0.15,0.75,-761.91,24,41.7,-1744.2,1926.12,9
09:45:00,15:00:00,move_020,150,0.15,0.75,-761.91,24,41.7,-1744.2,1926.12,9
09:45:00,15:00:00,move_005,150,0.15,0.75,-761.91,24,41.7,-1744.2,1926.12,9
09:45:00,15:00:00,none,150,0.15,0.75,-761.91,24,41.7,-1744.2,1926.12,9
09:25:00,15:00:00,none,150,0.25,0.5,-773.39,24,45.8,-2761.07,1629.16,3
09:25:00,15:00:00,move_020,150,0.25,0.5,-773.39,24,45.8,-2761.07,1629.16,3
09:25:00,15:00:00,move_020,150,0.25,,-773.39,24,45.8,-2761.07,1629.16,3
09:25:00,15:00:00,none,150,0.25,,-773.39,24,45.8,-2761.07,1629.16,3
09:25:00,15:00:00,move_010,150,0.25,0.5,-773.39,24,45.8,-2761.07,1629.16,3
09:25:00,15:00:00,move_010,150,0.25,,-773.39,24,45.8,-2761.07,1629.16,3
09:25:00,15:00:00,move_005,150,0.25,,-773.39,24,45.8,-2761.07,1629.16,3
09:25:00,15:00:00,move_005,150,0.25,0.5,-773.39,24,45.8,-2761.07,1629.16,3
09:45:00,15:15:00,vwap_010,50,0.15,,-783.63,24,45.8,-5436.68,3627.93,8
09:45:00,15:15:00,vwap_010,50,0.15,0.5,-783.63,24,45.8,-5436.68,3627.93,8
09:35:00,15:00:00,vwap_010,50,0.35,0.75,-833.03,24,45.8,-1569.44,2741.15,1
09:35:00,15:00:00,vwap_010,50,0.35,0.5,-833.03,24,45.8,-1569.44,2741.15,1
09:35:00,15:00:00,vwap_010,50,0.35,,-833.03,24,45.8,-1569.44,2741.15,1
09:45:00,15:00:00,vwap_010,100,0.15,0.5,-911.82,24,58.3,-5244.53,3452.33,8
09:45:00,15:00:00,vwap_010,100,0.15,,-911.82,24,58.3,-5244.53,3452.33,8
09:45:00,15:15:00,move_010,150,0.25,0.75,-954.74,24,45.8,-2712.37,4703.55,7
09:45:00,15:15:00,move_020,150,0.25,0.75,-954.74,24,45.8,-2712.37,4703.55,7
09:45:00,15:15:00,none,150,0.25,0.75,-954.74,24,45.8,-2712.37,4703.55,7
09:45:00,15:15:00,move_005,150,0.25,0.75,-954.74,24,45.8,-2712.37,4703.55,7
09:25:00,15:00:00,vwap_010,150,0.15,,-1029.64,24,50.0,-4660.31,3177.23,8
09:25:00,15:00:00,vwap_010,150,0.15,0.5,-1029.64,24,50.0,-4660.31,3177.23,8
09:45:00,15:15:00,vwap_010,0,0.15,0.5,-1098.72,24,50.0,-6091.61,3627.93,8
09:45:00,15:15:00,vwap_010,0,0.15,,-1098.72,24,50.0,-6091.61,3627.93,8
09:35:00,15:15:00,move_005,0,0.35,0.75,-1145.74,24,62.5,-1953.52,1048.24,0
09:35:00,15:15:00,move_010,0,0.35,,-1145.74,24,62.5,-1953.52,1048.24,0
09:35:00,15:15:00,move_010,0,0.35,0.5,-1145.74,24,62.5,-1953.52,1048.24,0
09:35:00,15:15:00,move_005,0,0.35,0.5,-1145.74,24,62.5,-1953.52,1048.24,0
09:35:00,15:15:00,move_005,0,0.35,,-1145.74,24,62.5,-1953.52,1048.24,0
09:35:00,15:15:00,none,0,0.35,,-1145.74,24,62.5,-1953.52,1048.24,0
09:35:00,15:15:00,none,0,0.35,0.5,-1145.74,24,62.5,-1953.52,1048.24,0
09:35:00,15:15:00,none,0,0.35,0.75,-1145.74,24,62.5,-1953.52,1048.24,0
09:35:00,15:15:00,move_020,0,0.35,0.5,-1145.74,24,62.5,-1953.52,1048.24,0
09:35:00,15:15:00,move_010,0,0.35,0.75,-1145.74,24,62.5,-1953.52,1048.24,0
09:35:00,15:15:00,move_020,0,0.35,,-1145.74,24,62.5,-1953.52,1048.24,0
09:35:00,15:15:00,move_020,0,0.35,0.75,-1145.74,24,62.5,-1953.52,1048.24,0
09:25:00,15:00:00,move_005,100,0.25,0.5,-1261.05,24,54.2,-1405.12,1066.7,4
09:25:00,15:00:00,move_005,100,0.25,,-1261.05,24,54.2,-1405.12,1066.7,4
09:25:00,15:00:00,move_010,100,0.25,0.5,-1261.05,24,54.2,-1405.12,1066.7,4
09:25:00,15:00:00,none,100,0.25,0.5,-1261.05,24,54.2,-1405.12,1066.7,4
09:25:00,15:00:00,move_010,100,0.25,,-1261.05,24,54.2,-1405.12,1066.7,4
09:25:00,15:00:00,none,100,0.25,,-1261.05,24,54.2,-1405.12,1066.7,4
09:25:00,15:00:00,move_020,100,0.25,,-1261.05,24,54.2,-1405.12,1066.7,4
09:25:00,15:00:00,move_020,100,0.25,0.5,-1261.05,24,54.2,-1405.12,1066.7,4
09:45:00,15:15:00,vwap_010,0,0.15,0.75,-1297.09,24,50.0,-6091.61,3429.56,8
09:45:00,15:15:00,move_005,50,0.35,,-1306.56,24,50.0,-2712.18,1298.21,2
09:45:00,15:15:00,move_020,50,0.35,,-1306.56,24,50.0,-2712.18,1298.21,2
09:45:00,15:15:00,move_020,50,0.35,0.5,-1306.56,24,50.0,-2712.18,1298.21,2
09:45:00,15:15:00,move_010,50,0.35,,-1306.56,24,50.0,-2712.18,1298.21,2
09:45:00,15:15:00,move_010,50,0.35,0.5,-1306.56,24,50.0,-2712.18,1298.21,2
09:45:00,15:15:00,none,50,0.35,0.5,-1306.56,24,50.0,-2712.18,1298.21,2
09:45:00,15:15:00,none,50,0.35,,-1306.56,24,50.0,-2712.18,1298.21,2
09:45:00,15:15:00,move_005,50,0.35,0.5,-1306.56,24,50.0,-2712.18,1298.21,2
09:35:00,15:00:00,vwap_010,0,0.35,0.75,-1412.24,24,50.0,-2179.22,2741.15,0
09:35:00,15:00:00,vwap_010,0,0.35,,-1412.24,24,50.0,-2179.22,2741.15,0
09:35:00,15:00:00,vwap_010,0,0.35,0.5,-1412.24,24,50.0,-2179.22,2741.15,0
09:25:00,15:00:00,none,50,0.25,0.5,-1478.18,24,45.8,-1711.57,1787.56,3
09:25:00,15:00:00,none,50,0.25,,-1478.18,24,45.8,-1711.57,1787.56,3
09:25:00,15:00:00,move_010,50,0.25,,-1478.18,24,45.8,-1711.57,1787.56,3
09:25:00,15:00:00,move_005,50,0.25,0.5,-1478.18,24,45.8,-1711.57,1787.56,3
09:25:00,15:00:00,move_005,50,0.25,,-1478.18,24,45.8,-1711.57,1787.56,3
09:25:00,15:00:00,move_020,50,0.25,0.5,-1478.18,24,45.8,-1711.57,1787.56,3
09:25:00,15:00:00,move_010,50,0.25,0.5,-1478.18,24,45.8,-1711.57,1787.56,3
09:25:00,15:00:00,move_020,50,0.25,,-1478.18,24,45.8,-1711.57,1787.56,3
09:35:00,15:00:00,vwap_010,50,0.25,0.5,-1489.94,24,45.8,-1569.44,2741.15,3
09:35:00,15:00:00,vwap_010,50,0.25,0.75,-1489.94,24,45.8,-1569.44,2741.15,3
09:35:00,15:00:00,vwap_010,50,0.25,,-1489.94,24,45.8,-1569.44,2741.15,3
09:45:00,15:15:00,vwap_010,150,0.25,,-1546.83,24,45.8,-1985.45,3627.93,7
09:45:00,15:15:00,vwap_010,150,0.25,0.5,-1546.83,24,45.8,-1985.45,3627.93,7
09:35:00,15:00:00,none,100,0.35,0.75,-1612.66,24,54.2,-1520.38,1366.2,1
09:35:00,15:00:00,move_020,100,0.35,0.75,-1612.66,24,54.2,-1520.38,1366.2,1
09:35:00,15:00:00,move_020,100,0.35,0.5,-1612.66,24,54.2,-1520.38,1366.2,1
09:35:00,15:00:00,move_010,100,0.35,,-1612.66,24,54.2,-1520.38,1366.2,1
09:35:00,15:00:00,move_010,100,0.35,0.5,-1612.66,24,54.2,-1520.38,1366.2,1
09:35:00,15:00:00,move_010,100,0.35,0.75,-1612.66,24,54.2,-1520.38,1366.2,1
09:35:00,15:00:00,move_020,100,0.35,,-1612.66,24,54.2,-1520.38,1366.2,1
09:35:00,15:00:00,none,100,0.35,,-1612.66,24,54.2,-1520.38,1366.2,1
09:35:00,15:00:00,move_005,100,0.35,0.75,-1612.66,24,54.2,-1520.38,1366.2,1
09:35:00,15:00:00,move_005,100,0.35,,-1612.66,24,54.2,-1520.38,1366.2,1
09:35:00,15:00:00,none,100,0.35,0.5,-1612.66,24,54.2,-1520.38,1366.2,1
09:35:00,15:00:00,move_005,100,0.35,0.5,-1612.66,24,54.2,-1520.38,1366.2,1
09:45:00,15:00:00,vwap_010,50,0.25,,-1646.67,24,41.7,-1487.97,3452.33,4
09:45:00,15:00:00,vwap_010,50,0.25,0.5,-1646.67,24,41.7,-1487.97,3452.33,4
09:35:00,15:00:00,none,100,0.25,0.75,-1980.24,24,54.2,-1520.38,1366.2,3
09:35:00,15:00:00,move_005,100,0.25,0.5,-1980.24,24,54.2,-1520.38,1366.2,3
09:35:00,15:00:00,move_005,100,0.25,,-1980.24,24,54.2,-1520.38,1366.2,3
09:35:00,15:00:00,move_010,100,0.25,,-1980.24,24,54.2,-1520.38,1366.2,3
09:35:00,15:00:00,move_010,100,0.25,0.5,-1980.24,24,54.2,-1520.38,1366.2,3
09:35:00,15:00:00,move_010,100,0.25,0.75,-1980.24,24,54.2,-1520.38,1366.2,3
09:35:00,15:00:00,move_005,100,0.25,0.75,-1980.24,24,54.2,-1520.38,1366.2,3
09:35:00,15:00:00,move_020,100,0.25,,-1980.24,24,54.2,-1520.38,1366.2,3
09:35:00,15:00:00,move_020,100,0.25,0.5,-1980.24,24,54.2,-1520.38,1366.2,3
09:35:00,15:00:00,none,100,0.25,,-1980.24,24,54.2,-1520.38,1366.2,3
09:35:00,15:00:00,move_020,100,0.25,0.75,-1980.24,24,54.2,-1520.38,1366.2,3
09:35:00,15:00:00,none,100,0.25,0.5,-1980.24,24,54.2,-1520.38,1366.2,3
09:45:00,15:00:00,vwap_010,50,0.35,,-2015.98,24,41.7,-1487.97,3452.33,1
09:45:00,15:00:00,vwap_010,50,0.35,0.5,-2015.98,24,41.7,-1487.97,3452.33,1
09:45:00,15:15:00,none,150,0.35,0.5,-2036.52,24,50.0,-2595.66,1627.43,2
09:45:00,15:15:00,move_020,150,0.35,0.5,-2036.52,24,50.0,-2595.66,1627.43,2
09:45:00,15:15:00,move_020,150,0.35,,-2036.52,24,50.0,-2595.66,1627.43,2
09:45:00,15:15:00,move_010,150,0.35,0.5,-2036.52,24,50.0,-2595.66,1627.43,2
09:45:00,15:15:00,move_005,150,0.35,0.5,-2036.52,24,50.0,-2595.66,1627.43,2
09:45:00,15:15:00,move_010,150,0.35,,-2036.52,24,50.0,-2595.66,1627.43,2
09:45:00,15:15:00,move_005,150,0.35,,-2036.52,24,50.0,-2595.66,1627.43,2
09:45:00,15:15:00,none,150,0.35,,-2036.52,24,50.0,-2595.66,1627.43,2
09:25:00,15:15:00,none,150,0.15,,-2159.53,24,54.2,-4660.31,1867.74,9
09:25:00,15:15:00,none,150,0.15,0.5,-2159.53,24,54.2,-4660.31,1867.74,9
09:25:00,15:15:00,move_005,150,0.15,0.5,-2159.53,24,54.2,-4660.31,1867.74,9
09:25:00,15:15:00,move_005,150,0.15,,-2159.53,24,54.2,-4660.31,1867.74,9
09:25:00,15:15:00,move_010,150,0.15,0.5,-2159.53,24,54.2,-4660.31,1867.74,9
09:25:00,15:15:00,move_020,150,0.15,0.5,-2159.53,24,54.2,-4660.31,1867.74,9
09:25:00,15:15:00,move_020,150,0.15,,-2159.53,24,54.2,-4660.31,1867.74,9
09:25:00,15:15:00,move_010,150,0.15,,-2159.53,24,54.2,-4660.31,1867.74,9
09:25:00,15:00:00,vwap_010,50,0.15,0.5,-2218.29,24,54.2,-5438.68,3177.23,8
09:25:00,15:00:00,vwap_010,50,0.15,,-2218.29,24,54.2,-5438.68,3177.23,8
09:45:00,15:15:00,move_020,0,0.25,,-2292.11,24,54.2,-2402.17,1071.62,4
09:45:00,15:15:00,none,0,0.25,0.5,-2292.11,24,54.2,-2402.17,1071.62,4
09:45:00,15:15:00,none,0,0.25,,-2292.11,24,54.2,-2402.17,1071.62,4
09:45:00,15:15:00,move_020,0,0.25,0.5,-2292.11,24,54.2,-2402.17,1071.62,4
09:45:00,15:15:00,move_010,0,0.25,0.5,-2292.11,24,54.2,-2402.17,1071.62,4
09:45:00,15:15:00,move_005,0,0.25,,-2292.11,24,54.2,-2402.17,1071.62,4
09:45:00,15:15:00,move_010,0,0.25,,-2292.11,24,54.2,-2402.17,1071.62,4
09:45:00,15:15:00,move_005,0,0.25,0.5,-2292.11,24,54.2,-2402.17,1071.62,4
09:45:00,15:15:00,move_010,100,0.15,,-2333.84,24,58.3,-5244.53,2140.32,9
09:45:00,15:15:00,none,100,0.15,0.5,-2333.84,24,58.3,-5244.53,2140.32,9
09:45:00,15:15:00,none,100,0.15,,-2333.84,24,58.3,-5244.53,2140.32,9
09:45:00,15:15:00,move_020,100,0.15,,-2333.84,24,58.3,-5244.53,2140.32,9
09:45:00,15:15:00,move_010,100,0.15,0.5,-2333.84,24,58.3,-5244.53,2140.32,9
09:45:00,15:15:00,move_020,100,0.15,0.5,-2333.84,24,58.3,-5244.53,2140.32,9
09:45:00,15:15:00,move_005,100,0.15,,-2333.84,24,58.3,-5244.53,2140.32,9
09:45:00,15:15:00,move_005,100,0.15,0.5,-2333.84,24,58.3,-5244.53,2140.32,9
09:45:00,15:15:00,move_020,150,0.15,0.5,-2381.0,24,50.0,-4777.72,1952.26,9
09:45:00,15:15:00,move_005,150,0.15,0.5,-2381.0,24,50.0,-4777.72,1952.26,9
09:45:00,15:15:00,move_010,150,0.15,0.5,-2381.0,24,50.0,-4777.72,1952.26,9
09:45:00,15:15:00,move_010,150,0.15,,-2381.0,24,50.0,-4777.72,1952.26,9
09:45:00,15:15:00,none,150,0.15,0.5,-2381.0,24,50.0,-4777.72,1952.26,9
09:45:00,15:15:00,move_020,150,0.15,,-2381.0,24,50.0,-4777.72,1952.26,9
09:45:00,15:15:00,move_005,150,0.15,,-2381.0,24,50.0,-4777.72,1952.26,9
09:45:00,15:15:00,none,150,0.15,,-2381.0,24,50.0,-4777.72,1952.26,9
09:45:00,15:00:00,move_005,100,0.35,0.5,-2454.2,24,58.3,-2734.06,1646.37,0
09:45:00,15:00:00,none,100,0.35,0.5,-2454.2,24,58.3,-2734.06,1646.37,0
09:45:00,15:00:00,none,100,0.35,,-2454.2,24,58.3,-2734.06,1646.37,0
09:45:00,15:00:00,move_005,100,0.35,,-2454.2,24,58.3,-2734.06,1646.37,0
09:45:00,15:00:00,move_020,100,0.35,0.5,-2454.2,24,58.3,-2734.06,1646.37,0
09:45:00,15:00:00,move_020,100,0.35,,-2454.2,24,58.3,-2734.06,1646.37,0
09:45:00,15:00:00,move_010,100,0.35,,-2454.2,24,58.3,-2734.06,1646.37,0
09:45:00,15:00:00,move_010,100,0.35,0.5,-2454.2,24,58.3,-2734.06,1646.37,0
09:45:00,15:15:00,move_010,0,0.25,0.75,-2490.48,24,54.2,-2600.54,1071.62,4
09:45:00,15:15:00,move_020,0,0.25,0.75,-2490.48,24,54.2,-2600.54,1071.62,4
09:45:00,15:15:00,none,0,0.25,0.75,-2490.48,24,54.2,-2600.54,1071.62,4
09:45:00,15:15:00,move_005,0,0.25,0.75,-2490.48,24,54.2,-2600.54,1071.62,4
09:25:00,15:00:00,move_010,100,0.15,,-2513.34,24,58.3,-4995.48,1094.01,9
09:25:00,15:00:00,move_005,100,0.15,,-2513.34,24,58.3,-4995.48,1094.01,9
09:25:00,15:00:00,move_005,100,0.15,0.5,-2513.34,24,58.3,-4995.48,1094.01,9
09:25:00,15:00:00,move_010,100,0.15,0.5,-2513.34,24,58.3,-4995.48,1094.01,9
09:25:00,15:00:00,none,100,0.15,0.5,-2513.34,24,58.3,-4995.48,1094.01,9
09:25:00,15:00:00,move_020,100,0.15,,-2513.34,24,58.3,-4995.48,1094.01,9
09:25:00,15:00:00,move_020,100,0.15,0.5,-2513.34,24,58.3,-4995.48,1094.01,9
09:25:00,15:00:00,none,100,0.15,,-2513.34,24,58.3,-4995.48,1094.01,9
09:35:00,15:00:00,vwap_010,0,0.15,0.75,-2513.6,24,50.0,-2329.55,2741.15,8
09:35:00,15:00:00,vwap_010,0,0.15,0.5,-2513.6,24,50.0,-2329.55,2741.15,8
09:35:00,15:00:00,vwap_010,0,0.15,,-2513.6,24,50.0,-2329.55,2741.15,8
09:35:00,15:00:00,move_010,150,0.35,0.75,-2583.74,24,45.8,-2318.53,1553.33,1
09:35:00,15:00:00,move_005,150,0.35,0.5,-2583.74,24,45.8,-2318.53,1553.33,1
09:35:00,15:00:00,move_010,150,0.35,,-2583.74,24,45.8,-2318.53,1553.33,1
09:35:00,15:00:00,move_010,150,0.35,0.5,-2583.74,24,45.8,-2318.53,1553.33,1
09:35:00,15:00:00,move_005,150,0.35,,-2583.74,24,45.8,-2318.53,1553.33,1
09:35:00,15:00:00,move_020,150,0.35,,-2583.74,24,45.8,-2318.53,1553.33,1
09:35:00,15:00:00,move_020,150,0.35,0.5,-2583.74,24,45.8,-2318.53,1553.33,1
09:35:00,15:00:00,move_020,150,0.35,0.75,-2583.74,24,45.8,-2318.53,1553.33,1
09:35:00,15:00:00,none,150,0.35,,-2583.74,24,45.8,-2318.53,1553.33,1
09:35:00,15:00:00,none,150,0.35,0.5,-2583.74,24,45.8,-2318.53,1553.33,1
09:35:00,15:00:00,none,150,0.35,0.75,-2583.74,24,45.8,-2318.53,1553.33,1
09:35:00,15:00:00,move_005,150,0.35,0.75,-2583.74,24,45.8,-2318.53,1553.33,1
09:45:00,15:15:00,move_010,100,0.25,0.5,-2651.09,24,58.3,-2574.38,1389.12,6
09:45:00,15:15:00,move_020,100,0.25,0.5,-2651.09,24,58.3,-2574.38,1389.12,6
09:45:00,15:15:00,move_020,100,0.25,,-2651.09,24,58.3,-2574.38,1389.12,6
09:45:00,15:15:00,none,100,0.25,,-2651.09,24,58.3,-2574.38,1389.12,6
09:45:00,15:15:00,move_005,100,0.25,,-2651.09,24,58.3,-2574.38,1389.12,6
09:45:00,15:15:00,move_010,100,0.25,,-2651.09,24,58.3,-2574.38,1389.12,6
09:45:00,15:15:00,none,100,0.25,0.5,-2651.09,24,58.3,-2574.38,1389.12,6
09:45:00,15:15:00,move_005,100,0.25,0.5,-2651.09,24,58.3,-2574.38,1389.12,6
09:25:00,15:15:00,vwap_010,0,0.15,,-2670.48,24,54.2,-6449.93,3356.08,8
09:25:00,15:15:00,vwap_010,0,0.15,0.75,-2670.48,24,54.2,-6449.93,3356.08,8
09:25:00,15:15:00,vwap_010,0,0.15,0.5,-2670.48,24,54.2,-6449.93,3356.08,8
09:35:00,15:15:00,none,0,0.15,,-2685.03,24,54.2,-2184.5,1287.19,9
09:35:00,15:15:00,move_005,0,0.15,,-2685.03,24,54.2,-2184.5,1287.19,9
09:35:00,15:15:00,move_020,0,0.15,0.75,-2685.03,24,54.2,-2184.5,1287.19,9
09:35:00,15:15:00,move_010,0,0.15,0.5,-2685.03,24,54.2,-2184.5,1287.19,9
09:35:00,15:15:00,move_010,0,0.15,,-2685.03,24,54.2,-2184.5,1287.19,9
09:35:00,15:15:00,none,0,0.15,0.5,-2685.03,24,54.2,-2184.5,1287.19,9
09:35:00,15:15:00,move_020,0,0.15,,-2685.03,24,54.2,-2184.5,1287.19,9
09:35:00,15:15:00,move_020,0,0.15,0.5,-2685.03,24,54.2,-2184.5,1287.19,9
09:35:00,15:15:00,none,0,0.15,0.75,-2685.03,24,54.2,-2184.5,1287.19,9
09:35:00,15:15:00,move_005,0,0.15,0.75,-2685.03,24,54.2,-2184.5,1287.19,9
09:35:00,15:15:00,move_005,0,0.15,0.5,-2685.03,24,54.2,-2184.5,1287.19,9
09:35:00,15:15:00,move_010,0,0.15,0.75,-2685.03,24,54.2,-2184.5,1287.19,9
09:45:00,15:00:00,vwap_010,150,0.15,,-2724.02,24,41.7,-4777.72,3452.33,8
09:45:00,15:00:00,vwap_010,150,0.15,0.5,-2724.02,24,41.7,-4777.72,3452.33,8
09:25:00,15:00:00,move_010,0,0.35,0.75,-2764.27,24,62.5,-2141.06,932.97,1
09:25:00,15:00:00,move_010,0,0.35,,-2764.27,24,62.5,-2141.06,932.97,1
09:25:00,15:00:00,move_020,0,0.35,0.75,-2764.27,24,62.5,-2141.06,932.97,1
09:25:00,15:00:00,move_005,0,0.35,0.75,-2764.27,24,62.5,-2141.06,932.97,1
09:25:00,15:00:00,move_005,0,0.35,0.5,-2764.27,24,62.5,-2141.06,932.97,1
09:25:00,15:00:00,none,0,0.35,0.75,-2764.27,24,62.5,-2141.06,932.97,1
09:25:00,15:00:00,none,0,0.35,0.5,-2764.27,24,62.5,-2141.06,932.97,1
09:25:00,15:00:00,none,0,0.35,,-2764.27,24,62.5,-2141.06,932.97,1
09:25:00,15:00:00,move_005,0,0.35,,-2764.27,24,62.5,-2141.06,932.97,1
09:25:00,15:00:00,move_010,0,0.35,0.5,-2764.27,24,62.5,-2141.06,932.97,1
09:25:00,15:00:00,move_020,0,0.35,0.5,-2764.27,24,62.5,-2141.06,932.97,1
09:25:00,15:00:00,move_020,0,0.35,,-2764.27,24,62.5,-2141.06,932.97,1
09:45:00,15:00:00,move_005,150,0.25,0.75,-2915.57,24,41.7,-2995.31,4494.38,6
09:45:00,15:00:00,move_020,150,0.25,0.75,-2915.57,24,41.7,-2995.31,4494.38,6
09:45:00,15:00:00,none,150,0.25,0.75,-2915.57,24,41.7,-2995.31,4494.38,6
09:45:00,15:00:00,move_010,150,0.25,0.75,-2915.57,24,41.7,-2995.31,4494.38,6
09:25:00,15:15:00,none,50,0.15,0.5,-3126.52,24,50.0,-5438.68,1440.53,9
09:25:00,15:15:00,move_005,50,0.15,0.5,-3126.52,24,50.0,-5438.68,1440.53,9
09:25:00,15:15:00,move_005,50,0.15,,-3126.52,24,50.0,-5438.68,1440.53,9
09:25:00,15:15:00,none,50,0.15,,-3126.52,24,50.0,-5438.68,1440.53,9
09:25:00,15:15:00,move_020,50,0.15,,-3126.52,24,50.0,-5438.68,1440.53,9
09:25:00,15:15:00,move_020,50,0.15,0.5,-3126.52,24,50.0,-5438.68,1440.53,9
09:25:00,15:15:00,move_010,50,0.15,,-3126.52,24,50.0,-5438.68,1440.53,9
09:25:00,15:15:00,move_010,50,0.15,0.5,-3126.52,24,50.0,-5438.68,1440.53,9
09:35:00,15:00:00,move_020,150,0.25,0.75,-3145.49,24,45.8,-2318.53,1553.33,3
09:35:00,15:00:00,none,150,0.25,0.75,-3145.49,24,45.8,-2318.53,1553.33,3
09:35:00,15:00:00,move_010,150,0.25,0.75,-3145.49,24,45.8,-2318.53,1553.33,3
09:35:00,15:00:00,none,150,0.25,0.5,-3145.49,24,45.8,-2318.53,1553.33,3
09:35:00,15:00:00,none,150,0.25,,-3145.49,24,45.8,-2318.53,1553.33,3
09:35:00,15:00:00,move_005,150,0.25,,-3145.49,24,45.8,-2318.53,1553.33,3
09:35:00,15:00:00,move_010,150,0.25,,-3145.49,24,45.8,-2318.53,1553.33,3
09:35:00,15:00:00,move_010,150,0.25,0.5,-3145.49,24,45.8,-2318.53,1553.33,3
09:35:00,15:00:00,move_005,150,0.25,0.75,-3145.49,24,45.8,-2318.53,1553.33,3
09:35:00,15:00:00,move_005,150,0.25,0.5,-3145.49,24,45.8,-2318.53,1553.33,3
09:35:00,15:00:00,move_020,150,0.25,0.5,-3145.49,24,45.8,-2318.53,1553.33,3
09:35:00,15:00:00,move_020,150,0.25,,-3145.49,24,45.8,-2318.53,1553.33,3
09:45:00,15:00:00,move_005,50,0.15,0.75,-3164.45,24,33.3,-2292.69,2414.54,9
09:45:00,15:00:00,none,50,0.15,0.75,-3164.45,24,33.3,-2292.69,2414.54,9
09:45:00,15:00:00,move_020,50,0.15,0.75,-3164.45,24,33.3,-2292.69,2414.54,9
09:45:00,15:00:00,move_010,50,0.15,0.75,-3164.45,24,33.3,-2292.69,2414.54,9
09:45:00,15:00:00,vwap_010,0,0.15,0.5,-3219.0,24,41.7,-6091.61,3452.33,8
09:45:00,15:00:00,vwap_010,0,0.15,,-3219.0,24,41.7,-6091.61,3452.33,8
09:45:00,15:00:00,vwap_010,0,0.15,0.75,-3241.77,24,41.7,-6091.61,3429.56,8
09:35:00,15:00:00,vwap_010,0,0.25,0.5,-3271.83,24,45.8,-2179.22,2741.15,3
09:35:00,15:00:00,vwap_010,0,0.25,0.75,-3271.83,24,45.8,-2179.22,2741.15,3
09:35:00,15:00:00,vwap_010,0,0.25,,-3271.83,24,45.8,-2179.22,2741.15,3
09:35:00,15:00:00,move_020,50,0.35,0.5,-3438.41,24,41.7,-1569.44,1629.28,1
09:35:00,15:00:00,none,50,0.35,0.75,-3438.41,24,41.7,-1569.44,1629.28,1
09:35:00,15:00:00,move_005,50,0.35,,-3438.41,24,41.7,-1569.44,1629.28,1
09:35:00,15:00:00,none,50,0.35,,-3438.41,24,41.7,-1569.44,1629.28,1
09:35:00,15:00:00,move_010,50,0.35,0.5,-3438.41,24,41.7,-1569.44,1629.28,1
09:35:00,15:00:00,none,50,0.35,0.5,-3438.41,24,41.7,-1569.44,1629.28,1
09:35:00,15:00:00,move_005,50,0.35,0.5,-3438.41,24,41.7,-1569.44,1629.28,1
09:35:00,15:00:00,move_005,50,0.35,0.75,-3438.41,24,41.7,-1569.44,1629.28,1
09:35:00,15:00:00,move_010,50,0.35,0.75,-3438.41,24,41.7,-1569.44,1629.28,1
09:35:00,15:00:00,move_020,50,0.35,0.75,-3438.41,24,41.7,-1569.44,1629.28,1
09:35:00,15:00:00,move_010,50,0.35,,-3438.41,24,41.7,-1569.44,1629.28,1
09:35:00,15:00:00,move_020,50,0.35,,-3438.41,24,41.7,-1569.44,1629.28,1
09:25:00,15:00:00,move_005,0,0.25,0.75,-3476.74,24,54.2,-2141.06,932.97,3
09:25:00,15:00:00,move_005,0,0.25,0.5,-3476.74,24,54.2,-2141.06,932.97,3
09:25:00,15:00:00,move_010,0,0.25,0.75,-3476.74,24,54.2,-2141.06,932.97,3
09:25:00,15:00:00,move_010,0,0.25,0.5,-3476.74,24,54.2,-2141.06,932.97,3
09:25:00,15:00:00,move_005,0,0.25,,-3476.74,24,54.2,-2141.06,932.97,3
09:25:00,15:00:00,none,0,0.25,,-3476.74,24,54.2,-2141.06,932.97,3
09:25:00,15:00:00,none,0,0.25,0.75,-3476.74,24,54.2,-2141.06,932.97,3
09:25:00,15:00:00,none,0,0.25,0.5,-3476.74,24,54.2,-2141.06,932.97,3
09:25:00,15:00:00,move_020,0,0.25,0.75,-3476.74,24,54.2,-2141.06,932.97,3
09:25:00,15:00:00,move_020,0,0.25,,-3476.74,24,54.2,-2141.06,932.97,3
09:25:00,15:00:00,move_010,0,0.25,,-3476.74,24,54.2,-2141.06,932.97,3
09:25:00,15:00:00,move_020,0,0.25,0.5,-3476.74,24,54.2,-2141.06,932.97,3
09:45:00,15:00:00,move_020,0,0.35,0.5,-3507.09,24,41.7,-1728.05,1532.43,0
09:45:00,15:00:00,none,0,0.35,,-3507.09,24,41.7,-1728.05,1532.43,0
09:45:00,15:00:00,move_010,0,0.35,,-3507.09,24,41.7,-1728.05,1532.43,0
09:45:00,15:00:00,none,0,0.35,0.5,-3507.09,24,41.7,-1728.05,1532.43,0
09:45:00,15:00:00,move_005,0,0.35,0.5,-3507.09,24,41.7,-1728.05,1532.43,0
09:45:00,15:00:00,move_005,0,0.35,,-3507.09,24,41.7,-1728.05,1532.43,0
09:45:00,15:00:00,move_010,0,0.35,0.5,-3507.09,24,41.7,-1728.05,1532.43,0
09:45:00,15:00:00,move_020,0,0.35,,-3507.09,24,41.7,-1728.05,1532.43,0
09:45:00,15:00:00,move_010,0,0.35,0.75,-3529.85,24,41.7,-1750.81,1532.43,0
09:45:00,15:00:00,move_020,0,0.35,0.75,-3529.85,24,41.7,-1750.81,1532.43,0
09:45:00,15:00:00,move_005,0,0.35,0.75,-3529.85,24,41.7,-1750.81,1532.43,0
09:45:00,15:00:00,none,0,0.35,0.75,-3529.85,24,41.7,-1750.81,1532.43,0
09:35:00,15:15:00,none,0,0.25,,-3603.4,24,54.2,-1953.52,982.91,4
09:35:00,15:15:00,move_010,0,0.25,,-3603.4,24,54.2,-1953.52,982.91,4
09:35:00,15:15:00,none,0,0.25,0.75,-3603.4,24,54.2,-1953.52,982.91,4
09:35:00,15:15:00,none,0,0.25,0.5,-3603.4,24,54.2,-1953.52,982.91,4
09:35:00,15:15:00,move_005,0,0.25,,-3603.4,24,54.2,-1953.52,982.91,4
09:35:00,15:15:00,move_005,0,0.25,0.5,-3603.4,24,54.2,-1953.52,982.91,4
09:35:00,15:15:00,move_005,0,0.25,0.75,-3603.4,24,54.2,-1953.52,982.91,4
09:35:00,15:15:00,move_010,0,0.25,0.5,-3603.4,24,54.2,-1953.52,982.91,4
09:35:00,15:15:00,move_010,0,0.25,0.75,-3603.4,24,54.2,-1953.52,982.91,4
09:35:00,15:15:00,move_020,0,0.25,,-3603.4,24,54.2,-1953.52,982.91,4
09:35:00,15:15:00,move_020,0,0.25,0.5,-3603.4,24,54.2,-1953.52,982.91,4
09:35:00,15:15:00,move_020,0,0.25,0.75,-3603.4,24,54.2,-1953.52,982.91,4
09:45:00,15:00:00,move_005,100,0.15,0.5,-3870.07,24,58.3,-5244.53,2287.82,9
09:45:00,15:00:00,move_010,100,0.15,,-3870.07,24,58.3,-5244.53,2287.82,9
09:45:00,15:00:00,none,100,0.15,,-3870.07,24,58.3,-5244.53,2287.82,9
09:45:00,15:00:00,none,100,0.15,0.5,-3870.07,24,58.3,-5244.53,2287.82,9
09:45:00,15:00:00,move_010,100,0.15,0.5,-3870.07,24,58.3,-5244.53,2287.82,9
09:45:00,15:00:00,move_020,100,0.15,0.5,-3870.07,24,58.3,-5244.53,2287.82,9
09:45:00,15:00:00,move_005,100,0.15,,-3870.07,24,58.3,-5244.53,2287.82,9
09:45:00,15:00:00,move_020,100,0.15,,-3870.07,24,58.3,-5244.53,2287.82,9
09:35:00,15:15:00,vwap_010,150,0.15,,-3925.52,24,45.8,-4915.45,2920.01,9
09:35:00,15:15:00,vwap_010,150,0.15,0.5,-3925.52,24,45.8,-4915.45,2920.01,9
09:35:00,15:15:00,vwap_010,150,0.15,0.75,-3925.52,24,45.8,-4915.45,2920.01,9
09:35:00,15:00:00,move_020,50,0.25,,-4095.32,24,41.7,-1569.44,1629.28,3
09:35:00,15:00:00,none,50,0.25,0.75,-4095.32,24,41.7,-1569.44,1629.28,3
09:35:00,15:00:00,move_010,50,0.25,0.5,-4095.32,24,41.7,-1569.44,1629.28,3
09:35:00,15:00:00,move_010,50,0.25,,-4095.32,24,41.7,-1569.44,1629.28,3
09:35:00,15:00:00,move_005,50,0.25,0.5,-4095.32,24,41.7,-1569.44,1629.28,3
09:35:00,15:00:00,none,50,0.25,0.5,-4095.32,24,41.7,-1569.44,1629.28,3
09:35:00,15:00:00,none,50,0.25,,-4095.32,24,41.7,-1569.44,1629.28,3
09:35:00,15:00:00,move_020,50,0.25,0.75,-4095.32,24,41.7,-1569.44,1629.28,3
09:35:00,15:00:00,move_020,50,0.25,0.5,-4095.32,24,41.7,-1569.44,1629.28,3
09:35:00,15:00:00,move_005,50,0.25,,-4095.32,24,41.7,-1569.44,1629.28,3
09:35:00,15:00:00,move_005,50,0.25,0.75,-4095.32,24,41.7,-1569.44,1629.28,3
09:35:00,15:00:00,move_010,50,0.25,0.75,-4095.32,24,41.7,-1569.44,1629.28,3
09:45:00,15:00:00,vwap_010,150,0.25,0.5,-4294.42,24,37.5,-2995.31,3452.33,7
09:45:00,15:00:00,vwap_010,150,0.25,,-4294.42,24,37.5,-2995.31,3452.33,7
09:45:00,15:15:00,move_010,50,0.15,,-4391.27,24,41.7,-5436.68,2211.91,9
09:45:00,15:15:00,move_005,50,0.15,0.5,-4391.27,24,41.7,-5436.68,2211.91,9
09:45:00,15:15:00,move_005,50,0.15,,-4391.27,24,41.7,-5436.68,2211.91,9
09:45:00,15:15:00,move_010,50,0.15,0.5,-4391.27,24,41.7,-5436.68,2211.91,9
09:45:00,15:15:00,none,50,0.15,0.5,-4391.27,24,41.7,-5436.68,2211.91,9
09:45:00,15:15:00,none,50,0.15,,-4391.27,24,41.7,-5436.68,2211.91,9
09:45:00,15:15:00,move_020,50,0.15,0.5,-4391.27,24,41.7,-5436.68,2211.91,9
09:45:00,15:15:00,move_020,50,0.15,,-4391.27,24,41.7,-5436.68,2211.91,9
09:45:00,15:00:00,none,150,0.35,0.5,-4530.25,24,37.5,-2009.97,1346.37,2
09:45:00,15:00:00,move_005,150,0.35,0.5,-4530.25,24,37.5,-2009.97,1346.37,2
09:45:00,15:00:00,move_020,150,0.35,0.5,-4530.25,24,37.5,-2009.97,1346.37,2
09:45:00,15:00:00,move_020,150,0.35,,-4530.25,24,37.5,-2009.97,1346.37,2
09:45:00,15:00:00,move_010,150,0.35,0.5,-4530.25,24,37.5,-2009.97,1346.37,2
09:45:00,15:00:00,move_010,150,0.35,,-4530.25,24,37.5,-2009.97,1346.37,2
09:45:00,15:00:00,move_005,150,0.35,,-4530.25,24,37.5,-2009.97,1346.37,2
09:45:00,15:00:00,none,150,0.35,,-4530.25,24,37.5,-2009.97,1346.37,2
09:35:00,15:15:00,move_020,50,0.15,0.75,-4553.63,24,54.2,-6027.03,1647.26,9
09:35:00,15:15:00,move_020,50,0.15,0.5,-4553.63,24,54.2,-6027.03,1647.26,9
09:35:00,15:15:00,move_020,50,0.15,,-4553.63,24,54.2,-6027.03,1647.26,9
09:35:00,15:15:00,none,50,0.15,0.75,-4553.63,24,54.2,-6027.03,1647.26,9
09:35:00,15:15:00,move_010,50,0.15,0.75,-4553.63,24,54.2,-6027.03,1647.26,9
09:35:00,15:15:00,move_010,50,0.15,0.5,-4553.63,24,54.2,-6027.03,1647.26,9
09:35:00,15:15:00,move_010,50,0.15,,-4553.63,24,54.2,-6027.03,1647.26,9
09:35:00,15:15:00,none,50,0.15,,-4553.63,24,54.2,-6027.03,1647.26,9
09:35:00,15:15:00,move_005,50,0.15,0.75,-4553.63,24,54.2,-6027.03,1647.26,9
09:35:00,15:15:00,move_005,50,0.15,,-4553.63,24,54.2,-6027.03,1647.26,9
09:35:00,15:15:00,move_005,50,0.15,0.5,-4553.63,24,54.2,-6027.03,1647.26,9
09:35:00,15:15:00,none,50,0.15,0.5,-4553.63,24,54.2,-6027.03,1647.26,9
09:45:00,15:00:00,move_020,100,0.25,,-4651.27,24,58.3,-2734.06,1457.75,5
09:45:00,15:00:00,move_020,100,0.25,0.5,-4651.27,24,58.3,-2734.06,1457.75,5
09:45:00,15:00:00,move_010,100,0.25,0.5,-4651.27,24,58.3,-2734.06,1457.75,5
09:45:00,15:00:00,none,100,0.25,0.5,-4651.27,24,58.3,-2734.06,1457.75,5
09:45:00,15:00:00,none,100,0.25,,-4651.27,24,58.3,-2734.06,1457.75,5
09:45:00,15:00:00,move_005,100,0.25,,-4651.27,24,58.3,-2734.06,1457.75,5
09:45:00,15:00:00,move_005,100,0.25,0.5,-4651.27,24,58.3,-2734.06,1457.75,5
09:45:00,15:00:00,move_010,100,0.25,,-4651.27,24,58.3,-2734.06,1457.75,5
09:35:00,15:00:00,move_020,0,0.35,0.5,-4726.28,24,45.8,-2179.22,1133.25,0
09:35:00,15:00:00,none,0,0.35,,-4726.28,24,45.8,-2179.22,1133.25,0
09:35:00,15:00:00,move_020,0,0.35,,-4726.28,24,45.8,-2179.22,1133.25,0
09:35:00,15:00:00,none,0,0.35,0.5,-4726.28,24,45.8,-2179.22,1133.25,0
09:35:00,15:00:00,none,0,0.35,0.75,-4726.28,24,45.8,-2179.22,1133.25,0
09:35:00,15:00:00,move_010,0,0.35,0.75,-4726.28,24,45.8,-2179.22,1133.25,0
09:35:00,15:00:00,move_005,0,0.35,0.5,-4726.28,24,45.8,-2179.22,1133.25,0
09:35:00,15:00:00,move_020,0,0.35,0.75,-4726.28,24,45.8,-2179.22,1133.25,0
09:35:00,15:00:00,move_005,0,0.35,,-4726.28,24,45.8,-2179.22,1133.25,0
09:35:00,15:00:00,move_010,0,0.35,,-4726.28,24,45.8,-2179.22,1133.25,0
09:35:00,15:00:00,move_010,0,0.35,0.5,-4726.28,24,45.8,-2179.22,1133.25,0
09:35:00,15:00:00,move_005,0,0.35,0.75,-4726.28,24,45.8,-2179.22,1133.25,0
09:25:00,15:00:00,move_005,150,0.15,0.5,-4775.5,24,45.8,-4660.31,1629.16,9
09:25:00,15:00:00,move_020,150,0.15,,-4775.5,24,45.8,-4660.31,1629.16,9
09:25:00,15:00:00,move_010,150,0.15,,-4775.5,24,45.8,-4660.31,1629.16,9
09:25:00,15:00:00,move_010,150,0.15,0.5,-4775.5,24,45.8,-4660.31,1629.16,9
09:25:00,15:00:00,move_005,150,0.15,,-4775.5,24,45.8,-4660.31,1629.16,9
09:25:00,15:00:00,none,150,0.15,0.5,-4775.5,24,45.8,-4660.31,1629.16,9
09:25:00,15:00:00,move_020,150,0.15,0.5,-4775.5,24,45.8,-4660.31,1629.16,9
09:25:00,15:00:00,none,150,0.15,,-4775.5,24,45.8,-4660.31,1629.16,9
09:35:00,15:15:00,none,100,0.15,,-4911.71,24,54.2,-5754.15,1350.05,10
09:35:00,15:15:00,none,100,0.15,0.5,-4911.71,24,54.2,-5754.15,1350.05,10
09:35:00,15:15:00,move_010,100,0.15,,-4911.71,24,54.2,-5754.15,1350.05,10
09:35:00,15:15:00,move_010,100,0.15,0.5,-4911.71,24,54.2,-5754.15,1350.05,10
09:35:00,15:15:00,move_005,100,0.15,0.5,-4911.71,24,54.2,-5754.15,1350.05,10
09:35:00,15:15:00,none,100,0.15,0.75,-4911.71,24,54.2,-5754.15,1350.05,10
09:35:00,15:15:00,move_005,100,0.15,0.75,-4911.71,24,54.2,-5754.15,1350.05,10
09:35:00,15:15:00,move_005,100,0.15,,-4911.71,24,54.2,-5754.15,1350.05,10
09:35:00,15:15:00,move_020,100,0.15,,-4911.71,24,54.2,-5754.15,1350.05,10
09:35:00,15:15:00,move_020,100,0.15,0.75,-4911.71,24,54.2,-5754.15,1350.05,10
09:35:00,15:15:00,move_020,100,0.15,0.5,-4911.71,24,54.2,-5754.15,1350.05,10
09:35:00,15:15:00,move_010,100,0.15,0.75,-4911.71,24,54.2,-5754.15,1350.05,10
09:45:00,15:00:00,move_010,0,0.25,,-4984.3,24,41.7,-1769.59,1218.69,4
09:45:00,15:00:00,move_020,0,0.25,0.5,-4984.3,24,41.7,-1769.59,1218.69,4
09:45:00,15:00:00,none,0,0.25,,-4984.3,24,41.7,-1769.59,1218.69,4
09:45:00,15:00:00,move_020,0,0.25,,-4984.3,24,41.7,-1769.59,1218.69,4
09:45:00,15:00:00,move_005,0,0.25,0.5,-4984.3,24,41.7,-1769.59,1218.69,4
09:45:00,15:00:00,move_010,0,0.25,0.5,-4984.3,24,41.7,-1769.59,1218.69,4
09:45:00,15:00:00,none,0,0.25,0.5,-4984.3,24,41.7,-1769.59,1218.69,4
09:45:00,15:00:00,move_005,0,0.25,,-4984.3,24,41.7,-1769.59,1218.69,4
09:45:00,15:15:00,move_020,0,0.15,,-4991.6,24,45.8,-6091.61,2343.39,9
09:45:00,15:15:00,move_005,0,0.15,0.5,-4991.6,24,45.8,-6091.61,2343.39,9
09:45:00,15:15:00,move_005,0,0.15,,-4991.6,24,45.8,-6091.61,2343.39,9
09:45:00,15:15:00,move_010,0,0.15,0.5,-4991.6,24,45.8,-6091.61,2343.39,9
09:45:00,15:15:00,move_010,0,0.15,,-4991.6,24,45.8,-6091.61,2343.39,9
09:45:00,15:15:00,move_020,0,0.15,0.5,-4991.6,24,45.8,-6091.61,2343.39,9
09:45:00,15:15:00,none,0,0.15,,-4991.6,24,45.8,-6091.61,2343.39,9
09:45:00,15:15:00,none,0,0.15,0.5,-4991.6,24,45.8,-6091.61,2343.39,9
09:45:00,15:00:00,none,0,0.25,0.75,-5007.06,24,41.7,-1769.59,1218.69,4
09:45:00,15:00:00,move_020,0,0.25,0.75,-5007.06,24,41.7,-1769.59,1218.69,4
09:45:00,15:00:00,move_010,0,0.25,0.75,-5007.06,24,41.7,-1769.59,1218.69,4
09:45:00,15:00:00,move_005,0,0.25,0.75,-5007.06,24,41.7,-1769.59,1218.69,4
09:25:00,15:00:00,move_005,50,0.15,,-5013.96,24,50.0,-5438.68,1787.56,9
09:25:00,15:00:00,move_010,50,0.15,,-5013.96,24,50.0,-5438.68,1787.56,9
09:25:00,15:00:00,move_020,50,0.15,,-5013.96,24,50.0,-5438.68,1787.56,9
09:25:00,15:00:00,move_020,50,0.15,0.5,-5013.96,24,50.0,-5438.68,1787.56,9
09:25:00,15:00:00,move_010,50,0.15,0.5,-5013.96,24,50.0,-5438.68,1787.56,9
09:25:00,15:00:00,none,50,0.15,0.5,-5013.96,24,50.0,-5438.68,1787.56,9
09:25:00,15:00:00,none,50,0.15,,-5013.96,24,50.0,-5438.68,1787.56,9
09:25:00,15:00:00,move_005,50,0.15,0.5,-5013.96,24,50.0,-5438.68,1787.56,9
09:45:00,15:15:00,none,0,0.15,0.75,-5189.97,24,45.8,-6091.61,2343.39,9
09:45:00,15:15:00,move_010,0,0.15,0.75,-5189.97,24,45.8,-6091.61,2343.39,9
09:45:00,15:15:00,move_020,0,0.15,0.75,-5189.97,24,45.8,-6091.61,2343.39,9
09:45:00,15:15:00,move_005,0,0.15,0.75,-5189.97,24,45.8,-6091.61,2343.39,9
09:45:00,15:00:00,none,150,0.15,0.5,-5226.8,24,41.7,-4777.72,1926.12,9
09:45:00,15:00:00,none,150,0.15,,-5226.8,24,41.7,-4777.72,1926.12,9
09:45:00,15:00:00,move_005,150,0.15,,-5226.8,24,41.7,-4777.72,1926.12,9
09:45:00,15:00:00,move_010,150,0.15,0.5,-5226.8,24,41.7,-4777.72,1926.12,9
09:45:00,15:00:00,move_005,150,0.15,0.5,-5226.8,24,41.7,-4777.72,1926.12,9
09:45:00,15:00:00,move_020,150,0.15,,-5226.8,24,41.7,-4777.72,1926.12,9
09:45:00,15:00:00,move_020,150,0.15,0.5,-5226.8,24,41.7,-4777.72,1926.12,9
09:45:00,15:00:00,move_010,150,0.15,,-5226.8,24,41.7,-4777.72,1926.12,9
09:45:00,15:00:00,vwap_010,50,0.15,,-5522.27,24,33.3,-5436.68,3452.33,8
09:45:00,15:00:00,vwap_010,50,0.15,0.5,-5522.27,24,33.3,-5436.68,3452.33,8
09:45:00,15:00:00,move_010,50,0.25,0.5,-5646.7,24,41.7,-1979.46,1389.57,4
09:45:00,15:00:00,move_020,50,0.25,0.5,-5646.7,24,41.7,-1979.46,1389.57,4
09:45:00,15:00:00,none,50,0.25,,-5646.7,24,41.7,-1979.46,1389.57,4
09:45:00,15:00:00,none,50,0.25,0.5,-5646.7,24,41.7,-1979.46,1389.57,4
09:45:00,15:00:00,move_020,50,0.25,,-5646.7,24,41.7,-1979.46,1389.57,4
09:45:00,15:00:00,move_005,50,0.25,0.5,-5646.7,24,41.7,-1979.46,1389.57,4
09:45:00,15:00:00,move_010,50,0.25,,-5646.7,24,41.7,-1979.46,1389.57,4
09:45:00,15:00:00,move_005,50,0.25,,-5646.7,24,41.7,-1979.46,1389.57,4
09:25:00,15:00:00,vwap_010,0,0.15,0.5,-5863.97,24,58.3,-6449.93,3177.23,8
09:25:00,15:00:00,vwap_010,0,0.15,0.75,-5863.97,24,58.3,-6449.93,3177.23,8
09:25:00,15:00:00,vwap_010,0,0.15,,-5863.97,24,58.3,-6449.93,3177.23,8
09:45:00,15:00:00,move_010,50,0.35,,-6016.01,24,41.7,-1979.46,1361.18,1
09:45:00,15:00:00,move_010,50,0.35,0.5,-6016.01,24,41.7,-1979.46,1361.18,1
09:45:00,15:00:00,none,50,0.35,,-6016.01,24,41.7,-1979.46,1361.18,1
09:45:00,15:00:00,move_020,50,0.35,,-6016.01,24,41.7,-1979.46,1361.18,1
09:45:00,15:00:00,none,50,0.35,0.5,-6016.01,24,41.7,-1979.46,1361.18,1
09:45:00,15:00:00,move_005,50,0.35,,-6016.01,24,41.7,-1979.46,1361.18,1
09:45:00,15:00:00,move_020,50,0.35,0.5,-6016.01,24,41.7,-1979.46,1361.18,1
09:45:00,15:00:00,move_005,50,0.35,0.5,-6016.01,24,41.7,-1979.46,1361.18,1
09:35:00,15:00:00,none,0,0.15,,-6125.05,24,45.8,-2329.55,1133.25,9
09:35:00,15:00:00,move_020,0,0.15,0.75,-6125.05,24,45.8,-2329.55,1133.25,9
09:35:00,15:00:00,none,0,0.15,0.5,-6125.05,24,45.8,-2329.55,1133.25,9
09:35:00,15:00:00,move_020,0,0.15,0.5,-6125.05,24,45.8,-2329.55,1133.25,9
09:35:00,15:00:00,none,0,0.15,0.75,-6125.05,24,45.8,-2329.55,1133.25,9
09:35:00,15:00:00,move_020,0,0.15,,-6125.05,24,45.8,-2329.55,1133.25,9
09:35:00,15:00:00,move_005,0,0.15,,-6125.05,24,45.8,-2329.55,1133.25,9
09:35:00,15:00:00,move_005,0,0.15,0.5,-6125.05,24,45.8,-2329.55,1133.25,9
09:35:00,15:00:00,move_005,0,0.15,0.75,-6125.05,24,45.8,-2329.55,1133.25,9
09:35:00,15:00:00,move_010,0,0.15,,-6125.05,24,45.8,-2329.55,1133.25,9
09:35:00,15:00:00,move_010,0,0.15,0.5,-6125.05,24,45.8,-2329.55,1133.25,9
09:35:00,15:00:00,move_010,0,0.15,0.75,-6125.05,24,45.8,-2329.55,1133.25,9
09:45:00,15:15:00,move_005,150,0.25,,-6242.36,24,41.7,-2523.76,1627.43,8
09:45:00,15:15:00,none,150,0.25,,-6242.36,24,41.7,-2523.76,1627.43,8
09:45:00,15:15:00,move_005,150,0.25,0.5,-6242.36,24,41.7,-2523.76,1627.43,8
09:45:00,15:15:00,move_020,150,0.25,,-6242.36,24,41.7,-2523.76,1627.43,8
09:45:00,15:15:00,move_010,150,0.25,0.5,-6242.36,24,41.7,-2523.76,1627.43,8
09:45:00,15:15:00,move_010,150,0.25,,-6242.36,24,41.7,-2523.76,1627.43,8
09:45:00,15:15:00,move_020,150,0.25,0.5,-6242.36,24,41.7,-2523.76,1627.43,8
09:45:00,15:15:00,none,150,0.25,0.5,-6242.36,24,41.7,-2523.76,1627.43,8
09:35:00,15:00:00,vwap_010,150,0.15,0.5,-6436.72,24,45.8,-4915.45,2741.15,9
09:35:00,15:00:00,vwap_010,150,0.15,,-6436.72,24,45.8,-4915.45,2741.15,9
09:35:00,15:00:00,vwap_010,150,0.15,0.75,-6436.72,24,45.8,-4915.45,2741.15,9
09:35:00,15:00:00,move_005,0,0.25,,-6585.87,24,41.7,-2179.22,1133.25,3
09:35:00,15:00:00,move_010,0,0.25,,-6585.87,24,41.7,-2179.22,1133.25,3
09:35:00,15:00:00,move_020,0,0.25,0.75,-6585.87,24,41.7,-2179.22,1133.25,3
09:35:00,15:00:00,move_020,0,0.25,0.5,-6585.87,24,41.7,-2179.22,1133.25,3
09:35:00,15:00:00,move_020,0,0.25,,-6585.87,24,41.7,-2179.22,1133.25,3
09:35:00,15:00:00,none,0,0.25,,-6585.87,24,41.7,-2179.22,1133.25,3
09:35:00,15:00:00,none,0,0.25,0.5,-6585.87,24,41.7,-2179.22,1133.25,3
09:35:00,15:00:00,move_005,0,0.25,0.5,-6585.87,24,41.7,-2179.22,1133.25,3
09:35:00,15:00:00,move_010,0,0.25,0.75,-6585.87,24,41.7,-2179.22,1133.25,3
09:35:00,15:00:00,move_010,0,0.25,0.5,-6585.87,24,41.7,-2179.22,1133.25,3
09:35:00,15:00:00,none,0,0.25,0.75,-6585.87,24,41.7,-2179.22,1133.25,3
09:35:00,15:00:00,move_005,0,0.25,0.75,-6585.87,24,41.7,-2179.22,1133.25,3
09:45:00,15:00:00,move_005,0,0.15,,-6719.7,24,41.7,-6091.61,2464.31,9
09:45:00,15:00:00,move_020,0,0.15,0.5,-6719.7,24,41.7,-6091.61,2464.31,9
09:45:00,15:00:00,move_020,0,0.15,,-6719.7,24,41.7,-6091.61,2464.31,9
09:45:00,15:00:00,none,0,0.15,0.5,-6719.7,24,41.7,-6091.61,2464.31,9
09:45:00,15:00:00,none,0,0.15,,-6719.7,24,41.7,-6091.61,2464.31,9
09:45:00,15:00:00,move_010,0,0.15,0.5,-6719.7,24,41.7,-6091.61,2464.31,9
09:45:00,15:00:00,move_010,0,0.15,,-6719.7,24,41.7,-6091.61,2464.31,9
09:45:00,15:00:00,move_005,0,0.15,0.5,-6719.7,24,41.7,-6091.61,2464.31,9
09:45:00,15:00:00,move_005,0,0.15,0.75,-6742.46,24,41.7,-6091.61,2464.31,9
09:45:00,15:00:00,move_020,0,0.15,0.75,-6742.46,24,41.7,-6091.61,2464.31,9
09:45:00,15:00:00,none,0,0.15,0.75,-6742.46,24,41.7,-6091.61,2464.31,9
09:45:00,15:00:00,move_010,0,0.15,0.75,-6742.46,24,41.7,-6091.61,2464.31,9
09:35:00,15:00:00,move_005,100,0.15,0.75,-6850.94,24,50.0,-5754.15,1366.2,10
09:35:00,15:00:00,move_020,100,0.15,,-6850.94,24,50.0,-5754.15,1366.2,10
09:35:00,15:00:00,move_020,100,0.15,0.5,-6850.94,24,50.0,-5754.15,1366.2,10
09:35:00,15:00:00,move_005,100,0.15,0.5,-6850.94,24,50.0,-5754.15,1366.2,10
09:35:00,15:00:00,move_020,100,0.15,0.75,-6850.94,24,50.0,-5754.15,1366.2,10
09:35:00,15:00:00,none,100,0.15,0.75,-6850.94,24,50.0,-5754.15,1366.2,10
09:35:00,15:00:00,none,100,0.15,,-6850.94,24,50.0,-5754.15,1366.2,10
09:35:00,15:00:00,move_005,100,0.15,,-6850.94,24,50.0,-5754.15,1366.2,10
09:35:00,15:00:00,none,100,0.15,0.5,-6850.94,24,50.0,-5754.15,1366.2,10
09:35:00,15:00:00,move_010,100,0.15,0.75,-6850.94,24,50.0,-5754.15,1366.2,10
09:35:00,15:00:00,move_010,100,0.15,0.5,-6850.94,24,50.0,-5754.15,1366.2,10
09:35:00,15:00:00,move_010,100,0.15,,-6850.94,24,50.0,-5754.15,1366.2,10
09:25:00,15:15:00,none,0,0.15,0.5,-6904.52,24,50.0,-6449.93,882.74,9
09:25:00,15:15:00,move_005,0,0.15,0.75,-6904.52,24,50.0,-6449.93,882.74,9
09:25:00,15:15:00,move_005,0,0.15,,-6904.52,24,50.0,-6449.93,882.74,9
09:25:00,15:15:00,move_010,0,0.15,,-6904.52,24,50.0,-6449.93,882.74,9
09:25:00,15:15:00,none,0,0.15,0.75,-6904.52,24,50.0,-6449.93,882.74,9
09:25:00,15:15:00,move_010,0,0.15,0.5,-6904.52,24,50.0,-6449.93,882.74,9
09:25:00,15:15:00,none,0,0.15,,-6904.52,24,50.0,-6449.93,882.74,9
09:25:00,15:15:00,move_020,0,0.15,0.75,-6904.52,24,50.0,-6449.93,882.74,9
09:25:00,15:15:00,move_010,0,0.15,0.75,-6904.52,24,50.0,-6449.93,882.74,9
09:25:00,15:15:00,move_020,0,0.15,,-6904.52,24,50.0,-6449.93,882.74,9
09:25:00,15:15:00,move_020,0,0.15,0.5,-6904.52,24,50.0,-6449.93,882.74,9
09:25:00,15:15:00,move_005,0,0.15,0.5,-6904.52,24,50.0,-6449.93,882.74,9
09:35:00,15:00:00,move_020,50,0.15,0.5,-7198.7,24,45.8,-6027.03,1629.28,9
09:35:00,15:00:00,none,50,0.15,,-7198.7,24,45.8,-6027.03,1629.28,9
09:35:00,15:00:00,none,50,0.15,0.75,-7198.7,24,45.8,-6027.03,1629.28,9
09:35:00,15:00:00,move_005,50,0.15,,-7198.7,24,45.8,-6027.03,1629.28,9
09:35:00,15:00:00,move_005,50,0.15,0.5,-7198.7,24,45.8,-6027.03,1629.28,9
09:35:00,15:00:00,move_005,50,0.15,0.75,-7198.7,24,45.8,-6027.03,1629.28,9
09:35:00,15:00:00,move_010,50,0.15,,-7198.7,24,45.8,-6027.03,1629.28,9
09:35:00,15:00:00,move_010,50,0.15,0.5,-7198.7,24,45.8,-6027.03,1629.28,9
09:35:00,15:00:00,move_010,50,0.15,0.75,-7198.7,24,45.8,-6027.03,1629.28,9
09:35:00,15:00:00,move_020,50,0.15,,-7198.7,24,45.8,-6027.03,1629.28,9
09:35:00,15:00:00,move_020,50,0.15,0.75,-7198.7,24,45.8,-6027.03,1629.28,9
09:35:00,15:00:00,none,50,0.15,0.5,-7198.7,24,45.8,-6027.03,1629.28,9
09:45:00,15:00:00,move_020,50,0.15,,-8273.86,24,33.3,-5436.68,2414.54,9
09:45:00,15:00:00,move_005,50,0.15,0.5,-8273.86,24,33.3,-5436.68,2414.54,9
09:45:00,15:00:00,move_010,50,0.15,0.5,-8273.86,24,33.3,-5436.68,2414.54,9
09:45:00,15:00:00,move_005,50,0.15,,-8273.86,24,33.3,-5436.68,2414.54,9
09:45:00,15:00:00,none,50,0.15,,-8273.86,24,33.3,-5436.68,2414.54,9
09:45:00,15:00:00,move_020,50,0.15,0.5,-8273.86,24,33.3,-5436.68,2414.54,9
09:45:00,15:00:00,none,50,0.15,0.5,-8273.86,24,33.3,-5436.68,2414.54,9
09:45:00,15:00:00,move_010,50,0.15,,-8273.86,24,33.3,-5436.68,2414.54,9
09:45:00,15:00:00,none,150,0.25,0.5,-8339.77,24,37.5,-2995.31,1346.37,7
09:45:00,15:00:00,none,150,0.25,,-8339.77,24,37.5,-2995.31,1346.37,7
09:45:00,15:00:00,move_005,150,0.25,,-8339.77,24,37.5,-2995.31,1346.37,7
09:45:00,15:00:00,move_010,150,0.25,0.5,-8339.77,24,37.5,-2995.31,1346.37,7
09:45:00,15:00:00,move_005,150,0.25,0.5,-8339.77,24,37.5,-2995.31,1346.37,7
09:45:00,15:00:00,move_010,150,0.25,,-8339.77,24,37.5,-2995.31,1346.37,7
09:45:00,15:00:00,move_020,150,0.25,,-8339.77,24,37.5,-2995.31,1346.37,7
09:45:00,15:00:00,move_020,150,0.25,0.5,-8339.77,24,37.5,-2995.31,1346.37,7
09:25:00,15:00:00,move_010,0,0.15,0.5,-9705.85,24,54.2,-6449.93,932.97,9
09:25:00,15:00:00,move_010,0,0.15,0.75,-9705.85,24,54.2,-6449.93,932.97,9
09:25:00,15:00:00,move_010,0,0.15,,-9705.85,24,54.2,-6449.93,932.97,9
09:25:00,15:00:00,move_005,0,0.15,0.5,-9705.85,24,54.2,-6449.93,932.97,9
09:25:00,15:00:00,move_005,0,0.15,0.75,-9705.85,24,54.2,-6449.93,932.97,9
09:25:00,15:00:00,none,0,0.15,0.75,-9705.85,24,54.2,-6449.93,932.97,9
09:25:00,15:00:00,move_005,0,0.15,,-9705.85,24,54.2,-6449.93,932.97,9
09:25:00,15:00:00,none,0,0.15,,-9705.85,24,54.2,-6449.93,932.97,9
09:25:00,15:00:00,move_020,0,0.15,,-9705.85,24,54.2,-6449.93,932.97,9
09:25:00,15:00:00,move_020,0,0.15,0.5,-9705.85,24,54.2,-6449.93,932.97,9
09:25:00,15:00:00,move_020,0,0.15,0.75,-9705.85,24,54.2,-6449.93,932.97,9
09:25:00,15:00:00,none,0,0.15,0.5,-9705.85,24,54.2,-6449.93,932.97,9
09:35:00,15:15:00,move_020,150,0.15,,-11274.15,24,41.7,-5397.02,1646.81,10
09:35:00,15:15:00,move_010,150,0.15,0.75,-11274.15,24,41.7,-5397.02,1646.81,10
09:35:00,15:15:00,move_010,150,0.15,0.5,-11274.15,24,41.7,-5397.02,1646.81,10
09:35:00,15:15:00,move_010,150,0.15,,-11274.15,24,41.7,-5397.02,1646.81,10
09:35:00,15:15:00,move_005,150,0.15,0.75,-11274.15,24,41.7,-5397.02,1646.81,10
09:35:00,15:15:00,move_005,150,0.15,0.5,-11274.15,24,41.7,-5397.02,1646.81,10
09:35:00,15:15:00,move_005,150,0.15,,-11274.15,24,41.7,-5397.02,1646.81,10
09:35:00,15:15:00,none,150,0.15,0.75,-11274.15,24,41.7,-5397.02,1646.81,10
09:35:00,15:15:00,none,150,0.15,0.5,-11274.15,24,41.7,-5397.02,1646.81,10
09:35:00,15:15:00,none,150,0.15,,-11274.15,24,41.7,-5397.02,1646.81,10
09:35:00,15:15:00,move_020,150,0.15,0.75,-11274.15,24,41.7,-5397.02,1646.81,10
09:35:00,15:15:00,move_020,150,0.15,0.5,-11274.15,24,41.7,-5397.02,1646.81,10
09:35:00,15:00:00,move_020,150,0.15,0.75,-13645.71,24,41.7,-5397.02,1553.33,10
09:35:00,15:00:00,move_020,150,0.15,,-13645.71,24,41.7,-5397.02,1553.33,10
09:35:00,15:00:00,move_010,150,0.15,0.75,-13645.71,24,41.7,-5397.02,1553.33,10
09:35:00,15:00:00,move_010,150,0.15,0.5,-13645.71,24,41.7,-5397.02,1553.33,10
09:35:00,15:00:00,move_010,150,0.15,,-13645.71,24,41.7,-5397.02,1553.33,10
09:35:00,15:00:00,move_005,150,0.15,0.75,-13645.71,24,41.7,-5397.02,1553.33,10
09:35:00,15:00:00,move_005,150,0.15,0.5,-13645.71,24,41.7,-5397.02,1553.33,10
09:35:00,15:00:00,move_005,150,0.15,,-13645.71,24,41.7,-5397.02,1553.33,10
09:35:00,15:00:00,none,150,0.15,0.75,-13645.71,24,41.7,-5397.02,1553.33,10
09:35:00,15:00:00,none,150,0.15,0.5,-13645.71,24,41.7,-5397.02,1553.33,10
09:35:00,15:00:00,none,150,0.15,,-13645.71,24,41.7,-5397.02,1553.33,10
09:35:00,15:00:00,move_020,150,0.15,0.5,-13645.71,24,41.7,-5397.02,1553.33,10
